node_1,node_2,num_occurrences
1,2,183
9,11,76
39,40,806
45,46,45
25,26,60
55,56,146
41,42,385
28,29,25
57,58,490
59,60,51
7,8,809
18,19,147
18,20,391
19,20,35
14,15,22
30,31,209
32,33,531
51,52,383
34,35,406
16,17,2205
49,50,627
44,45,36
36,37,86
3,4,85
12,13,46
53,54,623
47,48,602
9,10,284
15,43,309
16,61,1667
36,38,717
21,22,398
22,27,392
5,6,511
23,24,171
67,68,461
7,66,811
29,76,25
74,75,33
37,70,1002
67,69,729
64,65,635
7,37,82
40,71,14
62,63,271
72,73,285
44,46,10
58,78,57
77,78,1616
78,79,2301
82,83,126
80,81,694
3,7,8
10,11,32
28,85,786
29,86,581
57,84,409
14,43,20
87,88,505
89,90,285
25,93,7
26,71,14
40,93,18
91,92,967
68,96,149
52,95,600
3,94,10
39,71,2
42,85,71
66,97,13
51,95,115
98,99,1285
25,71,11
29,61,25
76,101,350
7,97,23
60,100,14
41,101,31
102,103,95
40,109,2
39,109,1
29,33,14
12,106,28
104,105,676
107,108,388
39,93,11
26,93,3
110,111,46
112,113,833
33,101,3
41,85,42
61,114,1279
26,39,2
57,77,24
115,116,283
32,61,115
28,76,691
32,85,45
70,117,2
49,118,1046
76,86,15
41,91,708
119,120,35
48,97,150
123,124,47
28,86,35
33,61,21
33,114,39
117,121,590
101,121,3
48,114,1
125,126,285
49,60,56
71,93,2
94,117,11
47,97,62
82,122,394
85,114,3
85,107,104
42,129,27
3,66,1
102,131,166
8,37,24
7,76,316
8,76,11
32,121,12
48,121,3
117,130,307
17,116,44
37,47,2
37,92,2
117,127,16
3,127,1
80,128,95
3,97,2
76,107,35
28,92,27
41,92,64
11,133,24
85,108,20
58,132,413
8,47,43
37,114,47
114,116,132
16,65,51
65,115,265
3,37,1
97,108,64
85,129,5
66,76,88
8,42,57
64,115,127
89,134,929
11,61,2
85,92,34
3,85,18
29,94,2
8,115,8
122,135,33
4,65,6
65,94,11
72,99,286
94,129,57
3,76,5
11,37,16
85,91,27
136,137,30
26,109,4
25,109,2
66,92,9
29,115,7
8,61,10
32,114,51
13,104,45
92,108,44
66,108,39
66,85,7
3,42,123
61,94,15
8,94,10
138,139,1991
64,116,66
64,101,2
32,117,3
85,86,4
85,101,256
136,140,3
136,141,7
42,47,241
3,47,47
17,48,2
21,27,302
2,22,43
39,143,11
86,101,282
101,107,11
25,40,1
140,142,3
137,142,1
32,115,421
33,115,32
93,109,1
81,103,44
147,148,97
25,143,5
48,66,4
144,145,103
67,146,121
80,103,33
48,92,30
22,149,22
48,85,32
75,151,335
103,131,234
145,150,4
10,37,31
92,101,20
22,103,14
48,108,15
2,151,1
2,103,5
66,129,1
36,85,5
25,152,25
55,88,108
28,101,333
40,154,2
27,75,18
103,153,7
103,152,2
71,152,847
27,149,6
2,71,4
2,131,4
2,152,2
21,155,190
21,109,47
17,92,6
92,107,41
17,107,1
152,154,2
92,129,1
2,27,4
21,25,12
27,74,3
10,133,276
103,141,1
22,141,1
21,71,7
68,157,341
158,159,152
51,158,7
51,160,1
151,152,9
131,149,1
74,149,10
139,161,126
96,156,181
37,133,37
140,145,12
71,80,186
71,81,337
156,157,37
71,107,2
95,158,300
9,71,1
9,25,2
51,131,121
8,141,1
78,163,154
159,165,1
70,133,79
69,164,18
119,165,27
96,162,2
145,166,1858
27,40,2
75,149,78
129,143,1
102,107,1
107,149,2
68,156,88
69,158,36
27,158,1
8,85,41
69,131,1
140,166,77
146,168,84
71,167,236
80,167,6
27,80,6
9,75,1
21,153,18
11,172,11
126,170,380
170,171,13
8,66,9
8,36,9
74,102,5
40,74,1
165,169,4
72,126,28
103,107,1
170,174,217
170,173,39
72,170,3
8,48,297
175,176,273
126,174,252
126,177,174
93,107,1
1,143,2
54,180,505
178,179,38
11,70,16
53,170,6
8,108,28
181,182,59
49,59,1207
75,169,2
74,169,2
60,185,15
118,185,10
57,78,83
77,84,9
52,93,225
54,126,1
126,180,1
183,184,14
176,186,11
178,182,34
73,187,31
98,125,8
107,126,23
54,75,1
60,73,36
62,98,5
23,162,314
73,177,15
160,190,2
73,170,93
151,169,7
181,186,20
59,118,545
139,191,6
31,176,76
57,176,2
30,57,3
78,178,3
78,175,19
63,187,1
178,192,12
126,188,126
152,169,86
184,189,169
63,177,2
77,193,21
60,195,76
59,195,374
57,161,85
57,175,165
99,194,2
49,75,2
84,178,6
84,161,254
84,138,6
118,126,6
9,60,3
60,196,13
89,197,221
89,106,11
59,202,1
199,200,2
195,201,2
138,198,480
177,188,225
9,99,1
30,178,3
53,75,136
186,198,2
72,169,16
113,134,125
30,181,2
30,193,109
207,208,16
178,206,53
176,206,35
176,178,230
189,205,1
67,109,8
60,99,4
203,204,20
60,177,6
184,196,86
132,210,12
90,134,53
178,209,134
176,209,416
163,175,61
211,212,408
75,109,15
49,202,1
77,186,29
163,186,168
90,197,23
46,112,1
46,134,13
213,215,201
160,202,1
159,202,3
13,106,5
218,219,949
141,172,281
4,48,32
216,217,1183
213,214,33
61,92,8
89,216,106
106,197,120
60,181,1
4,108,92
4,8,38
206,209,34
61,78,1
61,79,3
10,70,10
106,216,1
219,224,837
203,223,7
184,202,4
220,221,97
88,110,7
75,190,5
6,222,27
83,124,151
112,134,37
106,134,18
159,199,175
199,202,3
184,199,20
112,226,4
12,112,30
49,205,1
141,205,123
104,106,3
35,227,13
44,228,52
23,177,2
23,126,2
23,107,1
5,105,8
216,229,2
23,188,1
43,123,7
43,225,3
118,162,1
218,224,9
56,122,7
89,112,53
11,235,223
134,197,19
4,85,43
181,233,239
58,163,117
58,176,5
16,78,1
172,205,179
147,200,1
227,234,1
43,232,4
83,232,2
190,202,1
5,104,6
104,230,4
5,230,189
6,230,7
6,13,1
67,231,178
6,229,6
56,82,4
43,56,6
6,89,10
82,241,1
6,197,1
20,46,1
179,181,84
239,240,17
139,221,8
83,236,1
6,90,5
159,205,2
202,205,132
184,205,10
40,167,9
75,231,1
87,237,2
88,237,1
107,238,1
5,222,73
6,112,54
11,122,102
46,211,3
132,181,2
58,77,67
31,209,940
246,247,257
57,163,70
90,216,4
35,244,33
172,202,79
34,227,36
43,82,5
82,225,5
82,245,25
9,243,2
231,242,3
210,221,106
236,241,877
31,178,71
90,213,1
90,112,2
225,232,100
122,133,5
77,135,3
141,202,49
13,230,2
227,248,1
217,226,24
82,123,14
148,244,32
58,186,32
104,249,6
199,205,1
82,111,3
227,250,2
45,105,2
99,162,1
5,216,30
132,178,2
169,195,1
147,244,157
55,163,1
55,107,4
98,193,1
19,249,80
106,230,1
45,251,1
229,251,217
46,212,126
75,160,6
31,206,17
236,252,2
9,20,3
78,211,1
14,135,150
15,135,84
227,253,2
229,243,238
45,243,1
45,229,2
43,213,7
6,113,23
55,129,32
18,249,55
207,254,102
78,191,2
227,255,5
21,169,8
132,186,23
78,221,117
79,221,43
250,256,1
18,224,5
99,195,30
78,220,10
227,257,1
30,98,1
132,163,4
84,258,1
161,191,527
84,191,177
30,161,3
30,84,2
4,107,12
79,220,5
36,107,4
2,195,1
2,3,1
20,224,25
118,194,30
13,259,147
134,218,44
36,55,3
78,181,8
30,58,46
58,209,15
31,78,3
78,161,7
202,258,100
65,108,50
138,179,3
3,195,1
118,260,6
98,184,48
89,211,2
181,206,2
175,206,2
175,181,95
57,181,1
176,181,12
58,193,33
239,261,627
78,179,2
161,179,29
84,175,6
141,258,146
65,182,36
30,191,1
30,163,8
161,178,6
181,221,1
58,191,3
58,84,14
58,221,44
163,176,11
205,258,994
84,163,23
132,220,18
179,192,8
12,230,6
13,262,186
186,191,5
12,197,11
84,206,83
77,163,1699
98,177,14
134,211,6
181,192,246
78,132,25
259,262,128
227,263,18
159,184,24
3,101,38
118,227,1
36,101,5
2,143,1
143,155,1
75,248,6
184,248,1
13,134,17
106,218,2
122,235,35
72,201,5
72,256,9
2,155,25
42,101,12
148,184,13
143,156,48
25,155,8
25,153,48
15,264,6
49,177,18
179,186,93
2,21,12
122,184,1
21,49,3
148,255,12
9,265,36
21,50,5
60,98,19
67,199,1
153,155,45
49,72,5
8,107,22
200,227,112
15,266,5
135,264,10
206,221,18
135,266,10
147,172,1
135,267,33
177,196,9
94,127,291
21,177,1
245,264,7
126,196,7
8,65,3
72,177,4
199,244,10
188,196,6
72,196,26
179,209,42
3,28,2
55,246,119
28,42,15
205,264,1
88,246,24
258,265,289
141,265,158
9,133,48
72,188,5
100,174,455
172,265,151
28,129,1
202,265,97
268,269,81
55,245,20
93,270,20
245,246,12
4,127,34
21,271,17
135,245,17
268,272,7
268,273,17
205,265,131
95,168,33
7,85,28
7,107,28
76,85,65
22,274,6
69,168,1
75,275,33
21,80,5
51,275,17
7,28,8
160,168,4
42,76,28
81,155,13
269,276,24
21,81,3
268,276,554
245,277,635
2,271,53
22,187,7
187,274,2
80,271,3
22,73,8
158,168,83
69,95,18
53,275,8
73,126,13
22,155,227
90,259,6
122,245,13
100,126,61
3,8,8
52,270,317
38,94,6
3,92,2
3,48,3
22,271,343
27,54,40
109,180,1
137,273,8
122,266,9
137,278,28
54,67,10
180,231,29
27,180,13
136,278,23
144,278,1
73,196,264
170,196,33
36,76,4
56,135,262
55,135,70
49,256,2
51,119,12
51,270,144
182,186,20
7,94,10
76,94,12
27,231,7
72,95,6
72,158,1
85,94,10
135,246,18
72,80,339
1,22,12
170,188,260
144,273,28
273,278,5
73,188,30
1,279,64
72,81,446
72,279,1
2,279,38
155,271,4
137,144,2
136,144,18
27,109,57
158,270,59
52,158,10
14,267,9
36,94,5
1,271,10
95,270,2949
27,155,33
176,182,24
137,272,2
171,188,15
73,171,1113
144,272,51
93,95,5
42,107,16
3,107,4
75,125,34
8,92,72
73,98,3
73,99,4
98,171,3
237,238,6
76,92,46
55,237,1
22,26,329
170,185,4
136,281,9
74,171,4
137,280,1
149,171,1
7,92,6
227,282,11
171,184,108
208,255,1
275,283,16
203,208,18
49,170,24
170,183,4
83,122,16
128,271,12
97,184,1
119,275,28
120,275,22
170,189,4
188,189,13
24,283,266
93,120,2
82,284,15
21,128,9
62,75,41
37,85,7
47,85,71
8,97,132
21,74,1
122,284,8
171,183,5
22,128,22
203,215,531
137,281,2
83,135,36
2,128,9
7,42,9
171,199,4
278,281,20
135,284,7
267,284,1
24,119,4
24,275,7
142,257,29
37,83,1
70,83,1
56,284,4
64,237,1
148,203,5
147,285,86
82,135,15
73,144,1
115,237,1
128,153,3
28,116,6
70,127,344
133,281,163
183,188,3
28,237,1
172,258,17
98,205,1
37,127,270
64,83,1
237,286,3
82,266,2
17,36,12
202,287,5
141,287,924
38,48,2
38,97,2
148,215,13
55,83,2
73,142,1
17,38,3
177,189,2
82,237,1
102,155,28
50,187,19
103,125,2
237,245,4
3,38,2
49,263,3
125,131,1
83,266,4
109,231,1
203,263,511
273,285,21
47,107,29
34,208,2
64,67,1
148,282,1
75,131,4
199,227,30
36,265,1
17,108,5
171,227,1
76,108,37
160,170,5
73,160,14
49,187,112
160,196,3
74,128,20
17,177,1
21,102,7
264,266,4
50,203,1
49,203,3
184,227,4
152,288,1
65,131,1
115,152,1
264,284,7
83,245,11
208,263,10
170,177,41
176,221,1
67,100,1
84,176,19
214,263,9
1,128,7
174,188,18
125,174,6
17,82,3
168,169,45
178,186,4
174,189,24
55,92,7
31,179,22
80,152,8
72,152,2
183,227,1
82,92,1
82,108,1
174,183,65
22,72,9
55,108,58
58,178,4
56,245,1
79,132,10
79,210,7
58,206,21
111,246,2
67,159,1
110,135,5
17,98,1
149,152,572
17,55,2
55,98,1
163,181,7
178,181,42
58,92,2
125,199,6
175,179,34
176,179,7
119,283,1
49,214,1
132,179,8
92,179,78
81,149,17
148,204,4
55,60,1
173,184,28
57,220,7
84,220,7
80,111,11
17,31,1
17,220,4
84,221,2
77,178,7
174,184,18
124,181,1
58,98,1
78,289,1
57,221,1
57,186,11
17,175,1
56,83,14
79,84,4
220,237,1
77,237,1
184,188,6
100,184,22
175,209,92
79,289,1
78,84,11
31,132,99
30,220,1
93,163,1
82,186,32
79,161,2
122,186,2
82,163,21
182,209,32
60,160,5
17,178,2
108,178,68
17,176,1
108,176,36
108,209,1
191,220,2
99,191,1
93,184,1
60,170,40
150,290,6
272,285,32
175,186,123
6,18,112
17,79,2
161,220,76
171,220,1
192,245,1
98,174,122
99,174,82
79,122,2
270,275,11
106,150,1
103,259,1
55,87,337
87,246,242
131,199,3
131,227,8
104,112,14
17,84,1
34,49,1
45,222,9
17,139,366
34,253,7
67,73,1
103,167,14
22,167,66
25,167,628
60,67,102
228,230,1
171,173,7
99,188,1
17,262,6
138,262,3
17,138,352
70,175,5
127,175,51
207,212,1
199,256,48
17,198,292
139,198,1169
125,256,1
184,256,1
18,262,95
17,18,4
198,262,1
291,292,313
108,206,22
171,174,4
153,167,146
214,257,2
150,217,7
109,167,8
98,173,139
99,125,1
150,207,2
112,216,182
17,222,2
139,222,3
105,281,3
150,293,31
112,285,1
214,248,2
17,231,1
75,294,1
229,295,58
67,190,6
19,104,3
18,139,1
241,286,18
16,214,1
236,286,31
175,222,1
168,212,1
17,286,1
222,236,1
18,222,79
99,173,3
184,214,1
245,267,73
222,262,113
17,236,1
138,222,1
139,241,3
62,125,105
198,236,7
18,45,8
198,241,2
198,286,5
45,139,1
213,234,14
213,296,41
234,296,17
208,296,18
149,294,9
7,47,8
39,214,6
244,297,137
24,51,7
248,296,6
49,296,1
198,222,1
18,259,99
45,259,14
147,263,4
208,213,3
37,148,8
7,101,2
13,45,11
120,270,2
28,107,13
264,267,8
208,234,3
53,125,158
40,214,2
109,155,13
22,109,54
58,175,13
214,294,1
67,196,2
87,286,1411
87,236,25
36,78,1
26,155,8
27,72,3
72,155,11
22,71,20
21,72,6
26,72,6
51,283,1
51,120,19
191,210,3
44,134,13
152,294,2
17,237,1
88,286,21
222,259,71
55,286,370
55,236,6
58,220,19
95,120,3
83,186,41
83,163,22
56,124,21
14,56,13
211,226,5
211,224,9
224,226,8
36,210,1
38,210,1
85,221,15
55,232,3
87,232,4
232,286,3
32,211,2
124,135,201
232,264,59
53,62,3
67,201,2
139,259,2
251,259,2
32,191,1
32,161,1
16,232,3
36,254,1
36,207,1
166,251,1
35,251,7
207,251,1
112,251,3
218,251,1
112,218,56
35,213,3
71,155,45
68,164,6
243,251,41
107,179,4
140,243,143
66,88,2
155,283,8
24,155,12
22,93,25
145,251,3
135,232,2
216,218,3
140,251,10
219,226,10
72,167,21
75,202,1
88,178,11
88,108,8
88,176,18
155,167,30
263,265,1
21,167,26
248,257,8
58,79,119
59,188,43
112,298,23
26,167,11
58,210,20
120,158,33
101,179,2
218,226,9
6,298,22
76,179,1
14,124,594
14,175,33
124,175,21
216,298,9
6,216,516
98,126,20
166,268,42
166,269,159
145,268,41
145,269,215
83,175,82
51,59,4
59,260,9
49,207,1
20,219,8
26,153,5
145,276,27
71,153,10
23,176,1
20,218,6
99,126,9
75,178,3
20,226,7
14,83,18
71,72,228
72,153,4
22,153,31
27,154,2
52,159,121
91,178,1
27,153,1
108,186,3
133,226,1
49,180,18
55,247,85
166,276,17
6,226,128
180,187,12
226,298,2
45,262,9
91,101,44
183,294,1
213,223,34
166,292,5
269,292,3
71,109,7
145,292,5
17,86,35
124,186,31
165,194,1
229,266,1
120,283,1
165,226,1
66,179,1
202,269,40
91,179,16
194,274,50
265,268,7
268,292,11
50,184,2
75,226,14
180,184,53
134,229,37
120,165,9
166,202,15
145,202,12
26,75,55
138,259,3
84,198,22
267,277,372
134,230,15
75,155,27
186,267,4
66,94,8
207,296,532
173,174,460
174,194,3
126,194,12
265,276,3
172,287,300
171,180,10
84,267,1
84,256,1
77,266,3
234,294,3
17,299,1
17,235,1
49,184,65
276,292,3
287,292,131
141,280,2
268,280,31
165,275,2
17,300,1
60,159,1
96,165,8
265,287,209
141,299,4
40,72,1
226,262,122
76,91,65
87,261,3
276,280,24
11,280,5
39,72,1
22,39,7
256,296,13
122,289,1
84,139,5
13,18,81
77,122,1
288,300,1
96,275,8
96,283,4
112,219,26
96,120,1
216,230,1
6,203,1
75,167,16
36,72,1
166,288,2
172,288,3
215,248,5
29,32,126
32,94,7
219,298,13
54,231,136
77,79,94
161,198,31
6,218,14
287,288,2
11,276,3
160,268,1
59,171,5
300,301,13
156,159,1
6,219,8
172,301,5
265,301,36
141,301,161
49,174,81
4,94,21
235,292,4
47,94,4
3,32,2
32,107,23
32,38,11
60,243,2
51,169,30
159,288,1
288,301,2
144,258,8
59,184,222
159,269,1
4,47,192
32,36,8
214,227,1
73,203,1
68,146,3
288,299,311
134,219,34
32,86,23
258,299,63
51,165,6
114,117,28
67,269,1
166,287,1
125,195,1
218,298,8
145,280,12
229,230,5
235,268,2
235,280,27
214,255,6
75,153,20
72,87,5
184,231,1
189,274,1
89,230,13
258,288,86
202,288,133
11,67,1
144,292,2
144,235,1
142,268,11
95,96,2
185,189,1
185,274,2
107,176,4
212,229,87
18,156,1
73,232,1
265,280,1
166,172,6
53,187,2
49,100,126
21,93,4
28,32,135
50,60,3
12,229,15
60,72,7
107,178,7
178,196,1
89,229,3
12,134,10
268,300,6
205,299,185
52,250,1
140,265,3
203,227,117
100,177,37
62,174,8
280,287,9
11,292,10
197,259,1
151,155,3
142,144,14
50,59,10
59,73,3
141,142,139
108,250,1
176,250,1
205,301,8
235,269,3
51,96,4
49,73,35
99,196,3
32,101,28
104,211,1
72,98,4
140,301,1
134,243,36
144,300,1
93,155,2
49,201,8
51,159,45
71,75,11
211,298,4
99,180,2
60,174,113
60,184,279
103,271,5
177,180,8
124,232,20
157,275,82
11,145,4
134,212,11
29,101,7
144,269,71
131,271,2
22,131,9
142,287,287
205,268,17
3,121,2
248,282,2
248,250,5
108,302,7
72,100,10
27,81,201
73,174,48
136,172,9
25,103,9
128,131,2
80,131,4
131,155,4
60,173,3
247,286,55
205,280,15
18,217,24
36,121,31
105,224,7
107,206,1
80,102,9
75,154,13
60,62,165
81,102,21
108,191,3
191,302,3
107,302,2
11,285,1
207,256,120
196,201,3
250,282,7
278,292,1
137,292,49
67,157,27
60,126,494
1,75,12
1,154,2
1,81,5
1,27,1
206,302,816
77,221,5
211,228,57
103,128,17
178,191,3
163,221,4
107,191,2
119,158,2
170,274,34
278,285,6
38,121,845
265,278,1
265,303,15
35,263,10
172,273,4
84,108,3
84,302,160
34,263,8
273,287,6
141,273,5
22,80,1
197,222,2
35,249,1
111,237,74
20,104,58
119,159,11
285,291,7
228,298,5
13,250,1
13,214,1
82,105,1
104,226,80
188,304,1
81,128,98
132,302,7
108,179,2
98,100,10
26,74,261
23,283,62
285,301,14
273,301,600
118,184,13
26,131,1
131,153,30
106,217,2
13,35,1
84,186,4
36,108,8
2,75,7
89,218,2
128,155,8
220,289,1
208,254,12
18,112,34
208,294,43
136,305,44
194,196,8
18,219,18
146,190,813
13,108,26
126,171,2
12,243,48
285,300,112
110,236,5
18,218,16
18,229,4
35,281,1
72,171,35
141,305,12
63,195,101
104,224,25
71,149,1290
301,305,527
222,306,12
55,122,1
237,247,1
111,247,2
111,286,2
20,262,6
106,259,2
238,252,9
281,282,1
135,238,1
251,298,3
227,281,1
5,227,1
60,188,4
299,305,17
6,134,17
239,245,2
142,303,189
111,135,159
145,278,7
135,237,23
250,255,4
22,75,224
239,277,4
35,203,152
44,218,2
243,295,74
63,98,334
140,268,1
140,280,8
291,301,65
5,255,1
150,172,584
172,281,372
268,281,266
63,173,152
133,235,37
46,295,1
42,130,2
121,130,437
10,150,37
63,99,16
19,89,21
42,121,5
219,249,4
112,212,3
145,172,9
219,229,25
28,91,67
5,134,10
72,174,146
123,284,152
196,274,515
132,221,258
238,261,76
5,113,47
205,305,33
63,72,29
19,134,8
62,195,16
134,249,47
19,229,3
34,203,27
44,229,16
89,249,17
110,241,25
46,249,3
43,83,16
12,89,14
12,46,3
19,212,6
93,271,34
89,212,5
178,198,1
27,152,2
136,292,8
131,167,6
46,89,4
75,279,36
46,229,1
67,275,28
10,293,47
75,93,40
10,172,4
75,271,3
268,299,7
212,249,3
146,160,1
186,209,13
75,152,60
86,92,6
67,96,4
12,218,32
12,219,1
83,284,5
36,115,1
113,216,38
141,292,15
218,243,122
175,192,48
218,229,57
145,281,13
215,223,63
18,113,69
173,188,8
57,302,53
86,115,10
219,243,30
29,85,20
95,159,25
65,114,271
114,127,8
37,65,3
70,114,9
65,70,7
33,117,445
61,65,163
61,70,10
61,64,55
64,114,29
17,127,35
7,108,51
17,65,27
66,107,6
16,70,5
16,127,20
17,70,2
25,102,120
17,61,85
65,117,40
161,206,27
65,116,243
102,167,44
258,285,5
116,117,143
28,115,76
85,115,22
101,115,23
273,300,1
292,301,800
287,303,7
8,38,1
142,172,20
41,94,6
91,115,9
38,85,4
47,91,7
42,91,1
8,91,2
29,92,3
258,273,2
265,292,28
3,36,1
47,66,2
278,301,1
133,291,1
16,117,17
17,117,39
138,161,19
291,307,1
303,305,78
205,288,15
280,288,13
144,205,72
61,116,226
61,117,30
265,307,3
235,291,2
235,293,3
287,307,31
37,66,42
142,273,4
142,291,3
150,281,73
14,232,17
159,270,24
280,299,16
172,305,13
273,305,43
273,292,5
290,293,4
136,299,8
136,280,154
144,299,21
144,202,162
280,300,1
142,269,4
141,269,2
41,76,274
140,288,2
140,202,9
183,185,13
166,285,44
145,285,29
166,205,13
258,280,13
272,301,95
97,129,3
280,305,85
288,305,1
272,288,11
142,166,2
7,70,5
10,265,1
269,287,10
202,281,2
299,301,5
268,287,2
107,129,3
280,301,10
269,288,98
269,299,10
42,48,4
33,65,19
145,299,8
76,129,5
287,300,2
100,118,201
144,305,102
64,117,22
133,300,1
140,290,42
265,290,1
133,136,1
133,290,3
10,281,52
136,205,2
202,291,73
268,290,15
142,281,35
272,305,152
136,272,215
172,303,20
272,280,16
272,278,4
278,280,1
202,300,52
145,287,9
142,145,4
291,300,305
205,287,69
142,205,22
205,269,15
145,205,4
292,300,148
269,303,3
280,303,12
202,292,40
141,303,35
44,243,19
144,301,53
11,136,6
172,235,3
203,255,2
143,154,42
44,212,5
41,97,235
136,235,3
205,235,5
128,279,3
235,305,4
52,119,4
199,294,6
18,134,10
2,102,6
2,80,2
1,80,1
1,155,8
39,131,2
103,155,4
21,40,1
75,81,15
21,152,3
81,153,9
152,167,36
71,103,4
266,284,58
75,102,10
25,75,2
21,131,1
102,151,2
149,155,4
75,103,1
71,128,17
128,167,8
152,155,11
102,152,7
22,154,3
1,152,2
21,154,1
291,303,3
160,169,1
136,287,5
202,235,4
44,89,2
235,265,1
171,304,1
212,219,3
33,64,84
17,33,20
136,301,5
12,249,21
97,107,5
11,205,18
11,268,4
36,130,5
36,92,1
91,130,16
36,91,1
4,29,5
38,130,4
4,86,4
8,101,7
144,276,9
144,280,11
203,250,2
175,178,16
4,42,43
8,29,2
77,181,3
77,175,29
8,28,2
77,176,5
175,191,1
92,130,5
11,202,107
11,300,10
4,121,5
94,114,9
94,107,25
163,179,8
28,37,2
61,85,4
29,127,2
58,161,124
72,173,4
37,121,18
107,121,6
171,177,5
91,116,2
73,274,1
55,82,1
82,246,1
73,173,21
87,247,18
135,302,1
4,248,1
127,186,116
77,108,4
107,248,1
179,302,1
16,116,53
101,210,47
246,286,66
55,117,1
176,302,164
33,116,18
101,138,1
61,127,104
86,94,5
28,41,72
39,75,2
32,209,1
180,185,3
72,194,49
16,121,16
17,121,123
94,121,11
65,127,7
43,277,6
59,170,31
209,302,75
178,286,1
108,286,4
4,206,1
61,171,1
51,60,3
51,177,1
118,174,6
32,58,1
59,126,33
59,72,7
192,233,2
127,163,169
77,127,101
287,305,152
123,277,1
168,275,3
29,66,1
185,187,3
31,302,39
60,70,2
114,115,30
115,202,1
32,116,27
60,128,2
169,275,1
164,275,4
158,275,40
58,127,40
266,289,21
51,247,1
37,60,1
114,130,4
108,114,16
94,132,1
183,189,234
67,158,15
58,245,5
31,239,8
256,294,7
37,178,2
88,122,33
51,68,1
100,170,31
239,302,7
122,239,13
51,201,6
52,67,51
252,266,2
163,245,8
77,245,6
132,161,25
174,195,15
75,122,1
119,164,1
52,184,3
127,245,2
92,206,1
179,206,1
248,297,4
222,226,23
82,277,34
178,302,119
95,275,15
144,287,7
88,239,183
207,234,9
207,248,1
207,250,2
4,97,28
122,171,1
88,240,4
101,221,16
203,207,105
35,207,1
34,207,2
255,256,29
203,294,10
35,294,1
37,135,20
37,56,7
164,168,15
227,294,45
104,186,1
268,305,11
199,308,2
164,194,34
35,256,2
34,256,1
70,135,17
34,250,1
61,169,1
136,268,9
207,294,4
126,173,26
60,201,62
184,201,10
83,277,32
13,222,18
147,297,150
170,184,3
29,91,1
296,297,5
223,296,3
238,247,40
56,70,1
252,277,36
108,126,4
32,51,1
10,217,3
68,168,1
68,169,45
43,124,41
210,220,19
101,220,13
207,297,5
199,296,7
49,196,22
84,132,21
103,143,1
158,169,12
147,207,2
147,296,2
147,254,2
37,84,1
186,277,79
108,170,1
29,41,5
142,305,243
45,298,3
60,118,9
100,108,1
107,170,16
37,161,1
71,102,16
213,294,5
4,66,110
181,309,11
107,173,1
226,259,16
87,94,1
72,102,1
276,305,15
207,215,171
100,107,13
58,70,1
90,106,6
49,168,26
56,286,13
56,87,3
86,261,1
196,260,17
49,158,21
223,256,32
38,233,7
269,305,11
135,191,1
225,286,26
87,225,43
142,280,2
132,191,9
37,191,1
4,117,16
136,142,6
36,233,14
135,161,4
4,130,52
97,117,4
294,296,9
84,135,2
79,101,3
37,58,1
199,215,247
179,233,49
122,252,45
116,127,20
43,108,1
244,294,3
148,208,1
55,277,9
33,94,6
115,121,8
17,115,13
16,115,26
252,267,74
227,310,1
246,266,2
87,266,9
109,271,2
104,222,1
186,245,7
55,225,9
254,296,289
244,296,1
135,225,14
37,77,1
108,124,3
108,232,2
161,181,3
8,70,8
8,127,8
247,266,12
77,191,4
104,259,16
108,264,1
122,163,41
71,131,7
74,167,2
57,132,22
282,311,71
135,286,5
227,311,1
149,167,19
2,222,1
107,247,3
108,247,2
45,271,1
13,226,363
61,115,100
25,149,3
135,239,6
200,310,2
203,310,6
87,135,5
168,187,4
158,187,6
42,97,8
223,234,4
94,130,21
29,36,4
101,117,1
36,117,1
135,247,18
61,121,52
76,117,3
122,277,11
215,296,9
114,121,7
36,114,63
140,305,1
215,294,2
56,247,12
76,121,10
56,225,8
107,246,10
215,256,77
83,286,1
83,107,1
26,152,7
87,241,5
135,252,1
108,121,1
107,114,5
170,195,7
55,111,4
25,279,3
254,294,14
126,195,12
264,312,203
232,312,283
29,37,12
144,303,2
204,227,2
149,151,19
11,287,7
172,272,10
62,183,169
11,141,4
205,292,27
33,76,4
86,127,2
11,142,12
18,46,1
12,113,18
5,243,9
112,243,18
113,243,5
18,216,9
142,292,13
12,18,153
221,289,8
28,117,1
136,303,16
288,315,16
42,179,5
142,313,116
19,90,92
114,149,1
102,279,3
22,279,89
60,125,162
51,314,212
17,101,4
230,298,14
229,259,202
94,101,3
100,195,602
53,231,560
72,274,1
9,316,228
299,315,495
136,166,2
166,278,5
37,38,3
126,317,899
94,108,150
11,316,438
279,318,197
16,114,11
243,298,191
63,100,104
105,249,5
176,233,6
9,280,155
269,316,19
172,268,9
64,107,2
287,301,174
227,296,2
81,279,2
103,149,1
142,307,71
103,318,9
155,318,253
208,227,110
6,217,1393
70,94,138
29,114,8
102,318,11
5,13,6
162,319,121
105,216,5
61,86,37
238,286,2
63,184,13
62,100,12
1,318,13
145,290,22
248,294,3
243,259,156
163,309,3
37,94,26
77,192,62
224,259,227
141,313,103
5,217,154
268,288,9
189,195,52
20,106,5
20,243,131
166,272,11
6,105,170
9,268,4
215,311,2
184,317,3
281,305,28
204,294,1
187,231,37
91,107,8
183,274,9
105,217,75
5,262,14
252,264,9
83,225,1
100,189,49
11,293,9
49,62,15
69,275,3
17,29,10
63,189,156
18,243,101
179,191,5
172,290,2
24,156,58
200,294,14
18,44,4
19,243,37
2,318,67
90,243,1
127,130,47
224,243,19
31,193,8
16,86,12
136,145,7
272,287,9
217,262,2
6,262,32
256,310,3
14,123,2
202,301,9
87,111,2
105,243,59
59,100,3
49,195,484
24,319,2
59,173,6
73,185,1
18,106,6
52,120,1
171,274,3
157,169,9
51,157,1
11,144,100
173,195,1
202,268,26
202,276,10
177,184,3
72,184,23
10,144,3
274,320,5
148,296,1
59,174,13
49,173,4
88,247,12
141,285,3
9,166,5
172,316,10
287,316,17
49,164,1
10,235,21
9,293,91
172,207,2
207,287,2
150,235,8
173,270,1
169,173,2
24,173,1
18,298,32
177,202,2
188,202,3
105,226,12
113,226,3
227,297,1
9,287,253
60,63,115
238,246,36
208,297,2
281,294,1
262,306,3
113,249,11
20,298,22
82,252,2
172,293,128
105,298,31
177,292,4
203,287,1
98,195,159
217,243,3
113,217,14
113,262,6
146,170,1
243,249,64
112,249,10
5,112,21
255,282,1
141,293,3
229,262,3
113,229,3
251,297,8
15,124,5
60,275,1
207,293,1
142,255,1
285,297,13
112,217,9
45,212,7
49,69,2
147,166,2
262,298,3
145,147,2
147,251,28
60,183,25
255,287,1
268,319,1
53,63,229
63,275,28
217,293,3
268,296,1
119,173,1
100,194,2
104,285,1
112,297,1
44,219,1
269,293,3
145,243,2
145,297,1
141,255,1
105,297,1
104,251,1
255,272,1
162,177,6
265,288,30
180,275,8
231,275,4
247,296,1
258,269,8
205,290,40
248,253,32
269,315,9
188,292,1
60,119,9
184,268,1
63,180,3
54,275,9
11,239,1
35,144,3
249,298,6
20,249,21
199,207,15
150,285,2
172,299,5
43,310,2
259,298,10
235,261,1
217,290,24
36,61,5
60,131,21
154,155,2
207,227,10
150,298,3
251,285,120
223,263,1
104,293,26
104,202,2
202,293,8
105,293,47
43,171,1
24,43,1
2,149,1
111,245,7
256,315,4
256,269,4
70,121,3
45,166,1
45,145,2
60,120,5
87,277,2
169,313,3
118,196,7
68,171,1
85,97,3
17,47,1
17,42,1
218,249,22
111,277,50
21,318,34
22,318,61
24,252,1
162,188,7
22,152,58
154,321,1
2,321,11
150,218,4
5,252,1
47,114,1
16,64,5
38,127,4
237,277,16
149,154,1
48,76,15
5,167,2
62,119,1
56,243,1
22,25,10
42,61,1
71,173,1
49,95,2
268,293,20
37,108,6
145,218,1
82,167,1
128,154,8
104,268,7
119,183,3
21,149,2
22,102,20
173,196,72
95,187,12
106,313,4
37,107,3
167,216,6
5,43,1
43,118,1
104,276,3
154,156,8
126,142,2
191,209,1
223,253,2
126,318,1
83,121,1
36,127,7
4,36,3
145,305,10
292,305,57
148,287,1
124,266,5
26,151,20
167,252,1
113,252,1
49,128,1
22,49,4
255,257,146
93,218,1
22,81,12
9,72,1
181,220,4
36,181,14
126,155,1
263,296,7
51,173,33
51,171,2
51,73,4
21,95,6
71,194,20
81,194,12
200,263,2
103,252,1
272,292,6
101,127,2
149,169,13
29,148,1
49,148,1
29,277,17
29,111,10
29,82,1
131,194,1
22,95,5
265,281,9
37,76,2
113,167,1
101,161,5
102,128,20
60,103,9
36,191,2
141,144,16
22,173,5
226,285,3
21,69,3
86,312,9
126,178,1
103,183,23
27,275,4
29,237,4
207,223,20
22,51,2
4,76,4
179,220,1
13,218,1
171,321,4
36,179,2
22,196,4
199,208,3
208,256,9
269,272,7
118,217,1
36,220,1
276,293,1
102,217,1
51,196,57
2,171,3
13,306,10
29,252,8
111,252,25
20,259,10
102,113,1
21,243,1
22,321,50
155,261,1
13,20,3
90,313,1
172,292,10
22,171,5
1,171,19
41,179,11
272,281,10
36,167,1
1,321,4
9,112,82
11,112,19
95,173,1
117,290,2
5,36,1
23,275,6
144,265,23
95,149,62
95,152,1
96,196,1
21,96,3
229,298,7
196,275,1
106,249,1
45,159,1
97,114,1
13,298,2
202,322,1
28,225,8
136,202,7
229,249,23
173,177,9
52,103,13
146,154,1
65,225,1
76,97,9
149,189,7
187,196,32
119,314,4
123,220,1
9,235,41
152,189,1
88,261,154
118,275,1
318,321,1
295,298,14
220,312,1
145,272,22
28,127,1
48,127,1
45,93,1
28,94,4
94,225,1
5,229,3
41,48,19
74,275,1
128,142,1
102,109,17
13,113,4
13,216,2
74,151,3
131,184,2
45,249,2
90,262,4
70,107,2
191,233,3
49,188,7
4,28,38
19,259,11
216,259,15
181,191,1
74,93,48
237,252,14
20,105,19
203,256,84
64,70,1
73,118,7
93,154,3
36,290,1
28,48,7
63,174,23
151,318,1
74,271,11
20,293,3
128,194,3
64,121,30
51,146,3
93,102,1
102,321,2
1,102,1
10,268,1
20,230,16
112,316,32
118,187,2
122,127,6
51,168,3
118,177,4
81,164,1
13,249,7
103,109,29
219,262,11
45,219,1
202,305,9
167,277,1
249,293,1
20,90,45
177,194,2
98,194,2
101,233,1
26,102,5
83,127,12
5,45,2
13,293,2
1,103,2
5,226,8
81,271,7
271,321,5
105,229,8
105,218,1
74,81,3
22,74,77
5,20,69
5,259,22
87,110,2
82,127,10
118,195,48
262,293,1
243,262,1
258,305,11
71,271,3
59,177,39
178,287,3
142,178,1
209,287,1
5,90,14
60,233,1
18,293,4
265,305,10
26,271,5
26,321,2
49,98,3
235,312,1
67,156,1
40,143,11
9,178,6
113,293,1
98,170,15
55,94,2
20,217,3
18,105,9
1,26,1
36,64,8
85,121,3
181,287,1
233,287,1
118,183,7
20,113,2
258,268,42
116,121,1
1,71,1
38,101,5
211,251,2
305,322,20
15,56,37
107,286,3
239,252,2
237,239,1
155,321,2
150,258,2
9,176,1
18,104,4
112,235,15
219,293,2
4,37,4
126,184,6
216,262,4
54,177,1
101,116,3
48,101,2
60,260,3
15,87,1
36,116,11
224,293,4
87,267,3
131,321,1
49,185,16
171,185,2
235,258,4
64,127,3
235,276,3
226,290,14
171,231,3
258,291,60
258,301,2
258,272,5
65,121,6
293,298,20
108,127,14
243,293,4
36,42,1
18,90,9
118,125,1
64,94,6
7,127,44
117,178,1
11,166,2
39,155,1
29,65,6
66,127,14
150,280,9
5,18,16
64,86,5
4,38,1
38,108,3
28,108,32
29,121,5
29,64,8
128,323,8
27,323,17
21,323,54
22,323,45
112,262,7
151,167,3
235,287,6
142,235,2
13,112,7
112,259,2
64,108,3
1,131,4
216,249,10
216,243,4
134,259,22
134,216,19
167,323,72
57,178,1
28,121,2
219,259,9
26,128,6
94,179,1
48,94,7
28,179,1
47,108,30
42,108,4
86,121,6
109,323,2
106,243,4
211,219,9
249,251,3
249,313,2
90,211,3
9,172,17
218,259,5
226,249,3
104,217,10
106,112,3
145,293,7
1,167,1
251,295,14
288,293,1
131,318,13
106,226,3
13,219,1
36,65,5
17,64,3
16,29,2
28,65,1
45,216,2
134,251,3
121,179,1
249,259,3
8,41,6
113,259,15
41,107,21
112,230,2
106,211,5
20,216,3
105,106,4
249,262,1
6,104,6
11,299,3
169,190,12
74,154,1
161,176,5
263,294,20
209,233,1
178,220,1
287,313,12
253,294,54
178,233,1
77,161,7
139,178,1
161,175,1
138,181,1
58,309,6
138,233,1
205,285,14
79,163,5
175,309,1
138,309,6
31,175,15
163,192,118
72,195,4
272,273,164
146,169,57
205,291,38
215,234,76
62,126,463
131,279,37
9,281,59
82,312,2
7,48,5
102,323,207
63,126,3
88,245,41
136,273,15
142,278,2
145,273,32
100,183,4
157,159,8
42,127,2
7,130,2
48,117,1
65,130,7
92,97,51
64,130,4
4,92,30
41,114,1
47,61,2
48,61,5
47,70,1
48,70,6
24,162,851
4,101,10
47,92,16
28,61,12
11,305,2
152,323,11
120,146,1
24,146,2
55,241,1
62,173,1
15,238,2
71,323,7
14,312,7
123,135,5
135,261,1
93,321,65
81,323,4
236,261,1
141,272,27
38,61,3
11,281,5
142,285,1
265,285,4
278,290,2
177,187,14
73,183,4
124,312,12
49,171,10
293,299,3
102,153,47
150,265,4
45,211,1
43,94,5
15,94,2
268,315,3
249,295,1
112,295,1
63,125,376
235,281,7
276,299,43
130,264,1
49,189,12
157,287,1
120,159,117
103,312,1
103,232,1
125,189,2
80,125,1
235,313,3
72,128,5
44,224,1
78,192,12
20,45,1
112,293,1
105,134,9
134,293,1
9,313,165
9,142,29
43,245,3
45,224,1
40,163,1
9,134,1
142,299,4
49,302,2
280,315,1
31,309,1
13,229,5
218,293,1
266,277,3
60,80,1
216,306,11
78,184,1
216,288,1
78,138,2
12,60,1
9,226,1
11,60,2
184,265,1
15,277,4
99,201,4
99,183,1
18,198,3
98,201,5
98,183,2
98,317,9
183,195,2
66,249,1
98,107,2
107,317,17
59,99,2
107,177,8
108,177,2
76,201,1
188,317,20
51,67,5
7,36,3
177,317,71
17,184,22
221,309,44
159,198,2
159,262,1
66,101,3
78,309,28
99,177,3
11,196,2
186,302,76
163,302,66
196,314,64
173,314,56
127,302,46
25,131,2
22,169,4
184,198,1
53,196,1
196,235,1
138,184,5
177,320,4
159,259,1
51,93,2
98,320,129
126,159,1
38,116,3
174,177,68
177,185,1
25,323,8
82,302,18
73,267,1
93,314,2
73,74,1
83,302,4
201,267,1
73,320,6
264,277,1
73,201,1
155,279,24
123,264,6
73,100,5
184,320,63
54,73,1
54,185,1
232,241,19
73,180,2
163,277,29
170,317,281
93,249,1
232,236,23
152,249,1
236,312,9
236,264,27
73,189,3
241,312,11
241,264,15
224,249,69
166,323,2
180,292,1
177,231,2
127,277,3
87,171,1
189,320,3
100,125,3
125,177,1
277,302,1
73,184,17
85,286,1
85,87,1
110,264,16
171,196,26
42,92,7
110,284,3
92,127,19
85,194,1
194,323,27
95,305,10
73,125,2
174,196,17
110,232,2
238,267,2
188,260,2
73,317,3
83,100,1
37,126,1
23,169,3
14,127,12
124,127,24
173,317,20
73,194,8
237,284,3
56,277,29
18,246,3
18,55,5
275,314,1
95,144,1
205,323,1
14,277,10
194,260,4
110,123,1
321,323,1
56,127,5
100,188,4
73,260,2
63,156,1
135,175,4
127,135,14
236,284,1
237,264,5
56,163,4
123,241,1
241,284,1
18,87,6
304,323,108
98,258,1
171,258,1
302,324,3
167,271,5
29,184,1
14,258,1
18,72,3
132,324,1
55,72,3
72,246,2
29,220,1
181,266,1
258,292,11
18,286,1
179,238,1
179,261,3
36,48,1
11,306,1
80,120,3
27,167,7
56,186,4
123,312,1
241,266,2
29,58,1
90,104,31
266,312,1
161,221,7
22,40,8
37,239,1
37,88,1
132,176,2
179,240,1
123,267,1
166,304,1
145,323,2
145,304,1
78,108,44
261,266,2
135,277,86
146,179,1
92,94,25
80,108,4
232,267,1
239,267,4
78,170,1
239,266,2
186,194,1
88,266,1
130,135,1
15,83,5
47,80,11
82,88,1
43,186,3
56,261,2
56,239,3
135,292,1
47,72,1
82,261,2
36,87,1
240,261,4
282,310,12
162,275,1
223,275,1
124,325,1
200,207,3
127,292,1
9,141,15
80,107,1
56,267,4
232,277,1
82,232,2
232,245,1
130,178,11
141,316,14
207,263,19
15,312,22
266,267,8
47,237,10
213,248,9
43,264,3
43,135,31
43,267,6
47,111,8
80,237,3
259,306,14
232,325,8
96,200,1
213,257,3
135,312,12
73,80,1
82,171,1
247,277,11
247,261,9
151,223,35
234,256,10
88,252,2
146,275,19
215,283,1
234,283,1
88,232,17
261,277,12
148,297,97
47,167,2
148,263,4
124,277,37
112,273,1
47,71,1
263,297,8
148,306,1
148,159,3
148,199,28
247,264,24
95,164,13
158,164,53
35,146,1
147,243,3
13,107,48
107,138,1
25,128,3
108,259,3
107,306,3
52,314,29
198,199,11
71,263,1
263,323,2
107,259,1
108,262,1
9,269,1
257,263,5
35,297,53
35,147,32
138,148,1
4,7,10
35,148,66
132,309,81
104,218,1
66,316,44
31,116,78
4,31,1
219,273,1
144,166,140
66,163,1
66,161,1
28,221,3
226,229,102
101,309,1
57,127,12
116,176,30
36,161,7
278,305,3
78,101,4
38,161,1
48,130,7
149,321,3
36,66,1
36,139,1
66,112,15
66,139,1
76,204,19
18,296,1
17,66,2
17,91,3
101,163,6
17,112,1
9,106,2
152,321,3
79,108,1
41,181,1
159,254,1
41,316,1
256,263,2
208,215,9
78,107,11
101,316,1
215,263,8
28,66,1
108,163,2
303,310,45
215,257,14
94,186,6
254,255,81
66,130,3
116,178,26
116,302,16
199,204,1
215,255,17
215,254,80
131,200,2
139,159,2
9,113,15
113,316,1
76,130,1
32,130,30
28,130,16
115,130,43
226,243,7
204,256,2
61,130,14
204,208,1
39,269,1
235,316,28
269,273,6
150,305,3
18,300,1
166,218,1
144,150,3
163,205,1
218,305,1
17,199,1
299,300,7
11,113,1
227,326,2
299,313,12
200,326,2
263,326,29
299,307,7
39,211,1
93,323,1
218,323,1
28,47,12
273,304,1
108,116,8
41,47,29
228,287,1
213,255,1
35,215,4
202,272,17
228,243,1
300,307,1
227,254,2
156,202,1
202,273,2
228,306,6
150,287,10
33,130,3
298,303,1
216,228,67
300,305,7
148,248,1
89,150,2
142,300,4
150,243,3
32,64,15
89,243,9
176,191,2
305,307,2
185,320,3
184,185,2
211,287,1
204,213,2
203,326,134
60,317,11
281,320,1
213,326,48
223,326,7
76,127,3
243,287,1
89,226,6
199,203,5
213,256,4
248,326,4
89,113,11
37,175,2
223,248,16
218,290,1
226,251,11
287,299,3
11,150,4
150,273,1
33,86,259
172,269,1
108,130,7
45,60,1
313,316,4
215,282,1
242,296,1
32,70,1
217,218,15
89,104,6
99,170,1
175,193,6
173,304,1
187,320,3
99,317,1
13,89,6
176,193,291
58,198,4
223,254,29
217,298,40
211,218,9
142,316,2
204,310,2
44,259,1
104,134,47
9,305,6
49,320,2
305,316,1
281,316,40
298,306,1
13,296,1
231,250,1
292,293,1
293,316,1
60,113,1
305,313,40
89,306,158
134,306,7
150,316,1
145,258,6
9,303,158
303,316,4
142,150,3
9,291,7
174,317,228
163,324,14
32,37,2
60,274,4
291,293,3
250,296,24
60,187,104
60,320,8
34,242,1
58,138,8
104,212,1
179,324,1
281,313,9
193,233,2
60,231,395
59,98,5
142,265,35
34,311,1
72,304,21
93,167,4
193,206,59
52,69,2
40,321,27
39,321,17
171,194,4
93,152,2
79,309,1
161,302,33
58,302,48
176,324,42
99,189,47
141,235,69
204,311,4
215,326,135
152,271,5
88,111,5
149,271,1
239,247,7
59,317,8
247,312,4
83,312,21
89,217,12
44,104,96
60,180,166
52,168,1
81,131,28
301,322,127
103,120,3
78,302,4
120,131,1
124,247,2
215,227,107
16,32,10
82,267,4
285,290,2
15,225,1
14,241,1
232,266,1
245,252,3
124,264,1
43,266,5
267,312,5
77,324,3
43,312,6
124,245,5
14,245,3
245,312,1
200,215,8
277,312,2
15,247,4
43,247,1
292,303,23
36,70,2
89,298,11
192,324,1
86,116,2
48,107,1
47,76,10
33,48,1
33,107,2
86,114,5
164,270,16
47,129,1
32,48,1
107,127,6
186,324,1
163,206,43
177,304,1
11,303,15
99,100,2
104,216,3
134,226,3
95,314,7
104,229,3
10,316,4
89,228,5
134,228,4
31,181,2
139,220,2
9,292,3
212,298,2
281,292,4
192,309,2
228,229,1
104,228,2
117,132,1
48,163,1
94,163,2
293,303,5
288,303,18
31,108,10
48,104,1
291,299,1
291,313,1
25,100,1
195,317,1
59,196,2
194,195,1
292,313,1
48,115,12
94,115,4
293,305,11
58,139,3
144,293,3
205,293,1
195,196,1
59,304,1
194,317,1
200,203,12
54,125,1
138,221,7
9,126,1
126,316,2
177,316,1
100,316,1
228,303,16
280,313,14
132,209,38
285,287,1
159,168,1
112,163,1
223,310,3
223,294,1
9,259,1
94,103,1
103,108,1
218,303,3
11,178,2
178,235,1
144,281,8
37,41,4
41,70,5
32,65,4
141,166,2
6,178,1
281,293,20
153,288,1
18,288,1
18,299,1
25,99,1
25,59,1
25,188,1
207,282,2
205,281,5
203,213,10
207,213,14
132,175,3
265,291,7
138,220,3
195,216,1
213,311,3
195,226,1
272,291,1
293,296,5
199,326,35
268,285,7
166,258,6
126,219,1
265,293,2
35,250,4
79,186,2
18,89,4
1,25,8
142,272,22
250,253,3
65,147,1
65,230,1
77,132,4
208,248,1
281,287,11
281,296,3
173,274,1
199,223,9
120,147,2
152,153,11
174,218,1
300,313,1
173,320,2
205,272,2
250,257,5
250,263,1
280,292,1
280,291,3
23,235,1
63,274,1
78,243,1
205,297,1
12,250,5
280,290,5
291,305,8
207,310,2
173,180,1
173,231,2
60,165,24
203,311,7
161,163,7
60,158,1
234,326,23
161,192,1
11,23,2
5,249,4
199,213,51
310,311,50
5,303,1
63,320,3
149,153,6
159,275,3
11,283,1
249,303,3
142,293,13
256,268,2
256,276,1
18,303,3
113,303,2
203,242,2
9,23,2
23,112,1
77,179,18
265,313,2
73,231,1
269,301,2
49,231,44
172,313,10
250,310,6
49,54,5
49,183,4
201,231,165
183,201,1
112,303,3
54,183,1
242,255,3
208,326,2
273,280,2
5,19,2
281,301,4
9,58,1
9,205,5
9,12,2
179,198,1
35,282,1
35,204,1
35,255,3
77,198,1
242,253,1
217,249,30
9,150,3
292,316,2
291,316,1
35,310,18
136,258,3
119,270,1
270,314,1
158,162,9
162,164,1
23,158,1
12,143,10
105,113,3
242,263,16
51,162,5
270,283,3
144,285,74
164,165,1
273,276,4
28,33,2
23,314,2
301,313,417
43,261,2
122,232,7
47,121,2
161,324,84
25,74,3
205,276,69
17,114,7
4,115,299
235,303,44
43,101,1
256,311,3
144,313,29
12,104,8
113,197,17
182,191,1
78,210,18
12,20,18
164,327,17
79,302,2
77,302,86
42,86,1
125,317,7
38,86,2
38,115,37
37,64,8
10,141,15
53,201,7
18,230,7
49,260,134
161,309,42
9,285,13
81,318,12
238,284,24
290,303,31
166,301,96
166,273,72
30,233,10
55,252,5
23,156,114
123,238,18
145,301,43
276,303,5
232,261,15
98,189,6
41,65,6
140,287,1
55,312,1
34,254,32
9,272,41
285,293,1
205,303,27
133,299,10
202,299,21
265,300,5
232,247,13
261,286,5
55,261,9
281,290,4
136,285,4
276,301,5
285,305,3
136,276,6
141,281,10
142,290,1
9,202,3
287,291,4
172,285,1
133,272,2
276,285,10
133,305,3
55,239,7
133,142,4
269,291,1
133,205,22
133,269,2
133,293,1
142,276,3
172,280,4
202,290,3
290,299,5
281,299,7
235,299,2
166,281,3
164,169,9
244,255,3
142,202,3
38,42,2
191,324,35
268,303,2
47,101,3
205,300,1
15,284,2
212,218,10
311,326,6
294,326,4
55,284,1
79,178,1
206,324,114
200,223,1
223,227,1
263,311,3
30,132,3
57,210,1
30,175,32
170,326,1
31,182,24
173,260,37
194,304,29
147,203,2
203,282,3
107,115,9
147,215,3
209,324,3
18,212,2
163,183,1
101,130,5
192,238,8
50,213,1
60,189,1
146,173,1
69,270,1
32,92,3
77,183,1
72,213,5
164,304,10
35,134,1
80,155,10
74,318,21
146,201,23
31,103,1
63,146,2
72,320,120
217,281,15
134,313,5
296,326,37
63,201,10
90,105,1
260,314,9
230,259,2
244,251,48
217,272,1
9,144,5
103,209,5
35,90,1
150,313,1
12,150,1
161,223,1
12,202,1
159,173,2
18,228,2
191,223,1
35,243,1
89,172,23
89,141,4
149,158,57
25,318,16
57,191,6
112,305,3
112,301,1
112,272,2
223,324,1
80,169,2
244,285,125
81,169,8
68,80,1
142,167,2
30,186,32
154,223,3
166,290,5
50,73,17
128,164,5
12,313,2
167,262,1
51,281,1
148,326,7
148,302,1
181,193,1
26,223,11
72,146,1
75,148,21
35,285,33
217,269,1
27,67,15
169,213,14
68,223,29
201,275,3
22,158,4
186,193,8
6,259,5
50,118,6
302,326,1
152,213,21
26,68,3
271,279,82
22,194,2
126,167,1
167,188,1
167,177,2
144,268,3
200,254,41
192,284,5
32,91,11
178,217,1
155,326,2
60,171,56
215,281,2
22,304,1
22,164,3
118,170,4
89,142,9
105,150,5
89,281,9
197,287,11
203,254,58
217,303,6
19,113,1
89,268,6
104,150,2
141,276,1
149,270,4
166,299,28
174,320,4
150,259,1
134,150,1
5,150,2
157,223,16
100,317,23
5,12,16
51,260,8
90,287,6
203,234,3
178,303,2
148,261,1
219,290,1
26,157,3
217,302,1
81,191,1
104,296,4
105,296,2
177,195,1
71,169,2
19,296,1
152,159,1
141,268,1
317,320,7
134,298,21
151,157,1
285,326,3
104,281,3
147,326,15
297,326,8
163,178,3
224,281,5
19,281,1
263,287,2
260,319,1
103,148,1
89,205,2
5,197,58
5,106,26
182,266,4
269,322,1
123,192,1
197,313,1
100,173,7
31,161,4
161,182,1
35,326,1
172,276,4
303,311,9
5,313,5
22,151,4
118,201,2
146,159,1
132,233,1
52,196,3
157,327,7
191,206,3
147,248,2
82,188,1
173,189,1
159,314,48
54,109,1
105,259,3
104,243,42
152,164,1
268,291,3
234,248,6
126,189,4
128,152,1
118,231,1
162,314,14
113,263,1
104,219,1
4,91,3
187,188,1
285,296,1
19,112,5
217,219,12
281,303,7
148,254,3
35,296,4
234,253,2
217,224,45
148,294,1
148,227,1
71,151,3
207,285,1
57,324,1
50,196,2
104,113,2
27,71,1
156,169,2
148,207,8
89,259,1
89,219,2
197,243,3
59,189,3
30,176,33
75,128,19
100,196,2
89,251,1
163,193,29
202,303,1
9,301,6
140,293,1
183,194,2
113,298,5
12,251,1
148,308,2
35,253,4
244,253,2
12,19,1
26,323,4
35,254,2
156,283,21
148,223,3
26,149,6
149,323,9
75,323,3
89,105,3
207,326,49
34,223,1
62,73,1
19,298,5
183,196,6
223,282,9
184,187,13
99,184,1
12,259,3
13,105,9
141,278,19
112,197,5
92,121,1
238,239,30
15,239,1
47,115,21
48,91,1
123,261,2
123,266,17
252,286,1
225,261,3
124,238,1
176,192,5
192,193,3
87,123,2
225,266,2
14,87,2
14,225,2
87,124,2
124,225,1
14,266,2
261,267,13
225,267,2
110,239,5
88,277,4
88,267,6
110,225,16
78,193,82
37,116,1
61,108,12
17,97,2
28,38,1
41,66,43
116,130,1
91,114,3
115,117,14
108,129,5
91,117,1
38,66,1
38,70,2
108,115,10
4,32,2
32,42,1
32,108,4
85,130,16
86,91,5
70,108,27
41,129,3
94,116,4
38,107,2
158,327,24
214,311,124
104,298,2
9,300,1
57,79,13
64,66,2
56,88,123
41,108,7
7,41,11
161,193,1
61,97,7
30,182,1
220,302,1
203,214,3
203,253,1
75,180,1
54,74,1
75,187,1
73,75,1
30,77,12
60,194,3
258,303,25
147,234,1
49,163,1
77,220,2
276,290,1
244,326,1
7,116,2
63,71,1
296,311,1
95,327,3
133,292,3
35,248,1
248,255,1
167,178,2
81,163,1
35,311,2
35,214,2
93,168,1
60,283,1
234,282,1
24,96,1
63,75,5
24,60,1
258,281,5
133,276,3
142,263,3
280,285,4
96,327,3
148,161,1
93,199,5
60,314,1
2,25,1
161,199,3
138,199,1
139,263,1
138,321,5
161,263,1
299,303,20
205,310,1
199,321,2
178,299,1
159,321,4
66,114,2
61,66,2
93,159,6
205,313,1
159,161,1
159,191,1
285,313,6
207,255,9
33,41,2
55,238,2
110,252,2
245,261,6
88,225,6
247,267,1
245,247,9
16,33,6
225,239,5
245,286,12
41,64,2
41,116,3
225,247,4
155,323,3
271,323,4
41,117,2
65,97,1
114,129,1
21,187,2
61,129,1
90,298,1
174,187,26
224,228,4
12,262,1
45,90,53
45,134,38
100,187,6
90,228,2
251,262,1
13,197,2
19,262,1
218,262,8
13,44,1
197,230,4
106,113,1
211,259,1
226,228,1
12,224,3
113,228,6
20,207,5
6,199,1
218,235,1
16,66,2
207,224,1
147,199,5
147,159,7
12,217,2
112,228,38
140,217,2
199,233,3
6,139,34
159,233,16
6,138,3
49,267,3
45,112,1
139,321,4
6,321,1
175,302,10
175,182,77
81,267,1
181,199,1
71,326,4
81,326,31
113,306,4
90,326,1
80,326,19
5,139,2
72,326,49
43,228,2
15,228,1
65,76,1
17,41,1
76,114,1
7,17,1
27,259,1
170,187,29
98,187,5
170,201,1
54,259,2
100,201,1
72,90,1
22,52,1
72,138,1
50,98,1
6,198,2
177,201,2
27,271,2
72,198,1
100,320,6
171,247,12
78,232,2
116,232,1
61,232,27
180,201,7
65,232,4
108,174,1
286,301,1
114,167,1
64,232,2
189,317,2
143,147,1
174,180,4
127,318,1
94,97,14
153,318,22
71,207,1
159,320,2
52,108,1
96,266,1
126,187,1
138,163,3
154,157,1
126,320,4
52,174,2
187,195,1
187,201,1
52,201,1
174,201,2
149,279,1
62,320,2
51,320,3
51,156,13
100,271,1
15,232,2
82,138,1
187,271,1
83,123,8
51,126,6
31,94,1
109,149,1
60,302,1
51,183,2
174,271,2
131,187,1
187,314,1
254,326,14
231,271,1
62,67,107
131,159,6
227,256,7
52,231,47
64,97,3
74,279,3
52,62,39
200,282,1
62,231,83
34,282,1
75,91,1
67,320,13
75,115,1
64,75,1
101,108,6
32,75,1
124,284,2
109,153,9
42,297,1
214,282,90
82,247,1
87,252,1
52,271,4
196,320,3
51,180,3
27,318,29
88,135,2
109,318,4
1,174,18
241,246,2
21,94,1
200,296,2
8,210,1
101,186,1
314,320,1
138,175,1
4,176,1
248,256,3
156,183,1
67,271,1
104,149,15
253,256,5
163,209,5
75,223,15
23,146,44
104,152,2
61,209,1
75,263,12
2,167,3
105,149,1
77,209,8
186,192,2
169,327,2
177,256,1
177,271,1
67,126,1
67,183,2
108,161,2
51,187,1
94,279,1
51,231,1
98,180,1
156,201,1
67,187,1
67,180,3
53,189,2
254,256,2
200,248,1
49,125,9
98,159,1
184,194,1
74,155,4
109,128,3
75,80,15
74,153,3
109,279,2
26,279,1
81,152,9
30,209,3
97,302,1
125,302,1
47,302,1
151,279,75
125,180,3
125,187,2
49,304,1
50,231,2
59,63,86
98,188,3
186,233,10
125,231,1
171,189,2
125,194,1
63,118,2
59,201,1
49,194,4
179,182,3
104,311,1
43,284,2
54,60,25
253,257,43
179,193,1
193,309,13
213,254,1
126,201,23
194,231,13
61,107,1
60,304,5
117,227,1
214,250,26
91,252,1
250,311,2
47,238,5
42,135,1
42,238,1
67,314,25
123,195,2
30,179,10
71,279,2
164,319,3
124,267,1
56,57,1
138,206,6
138,191,2
139,179,1
79,179,1
88,107,1
230,262,1
75,168,1
38,179,1
31,107,4
68,69,4
53,59,4
51,327,5
143,321,1
107,132,3
2,81,3
77,207,1
173,187,3
75,318,1
93,318,4
152,279,1
318,323,3
31,163,3
31,192,1
125,183,1
25,27,2
72,74,1
165,327,2
91,327,1
51,91,1
72,75,1
182,302,2
77,93,2
72,103,2
93,148,1
31,210,18
59,87,1
117,126,1
22,99,1
49,117,1
148,174,2
20,78,1
6,20,1
174,230,1
13,78,2
185,231,9
117,125,1
5,125,1
6,125,1
20,60,2
38,78,1
64,87,1
132,198,1
234,254,1
207,244,4
31,221,2
161,210,6
60,75,6
13,195,1
77,210,10
84,210,1
125,178,1
64,176,23
64,302,18
115,176,30
115,302,23
60,64,1
115,206,2
103,159,20
80,94,1
72,94,1
31,79,1
13,92,5
13,94,1
91,210,1
75,321,9
115,125,1
2,109,2
13,55,2
13,91,1
59,125,8
212,226,1
133,172,7
84,193,69
41,86,1
57,206,32
54,187,5
56,237,6
107,130,3
33,70,1
38,114,2
222,249,36
45,295,1
41,303,1
41,121,1
202,285,21
285,299,4
10,280,2
121,127,14
38,65,1
33,85,37
163,210,3
265,299,15
139,309,1
228,259,1
38,64,1
13,217,17
188,201,18
62,317,2
141,307,24
9,273,20
230,249,2
133,280,1
169,270,25
105,262,1
52,169,5
120,164,1
174,185,1
63,170,3
155,319,1
173,183,1
96,323,1
102,271,8
133,144,4
53,185,2
285,307,2
301,307,53
272,303,2
80,323,2
194,320,1
32,76,3
149,156,1
151,275,1
90,249,2
185,196,1
38,286,1
280,281,8
68,72,4
145,288,3
281,288,2
23,95,2
27,125,1
27,53,2
72,149,4
133,288,5
81,158,3
20,228,3
32,232,2
33,232,2
107,232,2
123,188,3
60,149,1
228,249,2
107,135,1
49,167,2
217,230,1
80,164,2
107,225,2
56,107,2
63,151,23
161,209,6
60,152,1
36,154,1
38,154,1
31,226,1
69,72,1
154,171,1
38,171,1
149,231,1
217,305,5
27,189,1
95,320,1
56,111,19
78,186,4
71,171,1
81,95,1
70,77,11
121,225,9
216,251,1
167,171,1
60,303,1
276,322,1
140,258,2
140,205,1
133,217,9
17,225,25
20,134,2
150,166,7
130,302,4
226,302,1
30,139,1
281,298,14
23,60,1
271,318,5
37,186,3
70,186,2
107,221,1
39,167,1
159,167,1
159,271,1
276,278,7
21,39,1
26,33,2
186,221,45
155,275,3
33,226,1
290,298,1
60,226,1
38,287,4
78,264,1
159,318,1
21,159,2
22,159,3
18,60,1
49,65,1
140,229,1
23,75,4
65,264,24
138,266,3
166,305,5
56,309,5
161,306,1
186,266,2
86,161,1
287,306,5
70,163,3
30,83,16
30,82,19
118,171,4
111,241,16
112,250,1
135,186,28
17,76,17
76,225,2
126,251,1
32,93,1
32,56,1
43,163,1
9,240,1
75,319,1
10,303,1
58,83,5
58,82,13
111,236,26
18,24,1
77,107,8
77,126,1
171,260,1
9,239,1
78,209,2
78,266,1
107,163,5
53,171,1
31,224,1
281,285,9
65,312,3
285,298,7
17,32,1
105,222,2
134,224,1
65,93,4
145,298,2
107,209,1
72,314,3
77,101,2
5,287,2
72,260,1
61,277,1
51,72,1
5,306,3
11,36,1
11,38,1
165,314,2
262,303,2
11,161,1
82,193,3
149,187,2
105,212,2
53,265,1
11,118,2
220,225,14
222,230,1
262,302,1
209,230,1
161,286,1
32,288,1
258,287,29
87,107,2
77,130,1
140,285,1
266,302,2
298,299,2
212,295,3
178,266,2
212,243,36
140,299,3
276,281,10
11,12,1
9,84,1
18,84,2
84,130,2
84,93,1
118,163,1
133,303,4
36,125,1
84,195,1
195,320,1
122,193,6
185,233,1
30,122,9
38,77,2
133,265,7
269,285,4
84,114,1
125,232,1
9,276,12
133,258,22
17,37,1
11,288,2
11,258,9
5,89,59
15,123,1
31,77,1
33,108,4
33,38,3
163,266,1
61,105,1
10,276,2
92,114,1
65,217,1
262,290,1
62,107,1
84,266,1
154,271,1
56,266,2
53,118,2
134,222,5
236,246,1
245,284,1
9,299,18
72,118,2
9,288,4
99,149,1
122,236,1
122,225,3
28,36,1
166,291,1
272,290,1
258,278,1
31,233,2
26,80,1
188,274,8
58,179,2
125,188,24
13,243,2
162,283,434
39,154,16
54,174,1
111,122,2
95,169,30
31,186,4
258,300,4
83,267,1
239,284,1
87,122,3
232,239,1
232,238,1
225,238,1
264,286,41
261,312,2
15,261,1
246,264,4
55,266,1
19,224,1
207,249,16
249,326,2
249,296,7
147,242,15
184,244,58
195,203,2
195,199,1
80,279,9
88,241,3
54,62,12
201,263,3
231,263,2
213,242,5
218,263,1
78,176,1
221,302,3
31,191,1
30,221,4
285,292,1
71,318,1
140,269,1
149,318,1
144,172,4
150,292,2
74,152,5
10,145,1
10,272,1
10,305,1
11,291,2
11,272,6
153,323,5
145,310,1
301,310,1
163,220,2
83,247,1
33,121,1
196,317,2
11,219,23
172,177,1
68,242,1
11,218,4
158,283,1
41,115,1
177,267,1
158,165,1
170,293,1
78,271,1
61,146,1
65,132,1
93,116,1
61,93,1
312,317,1
264,317,2
100,293,1
55,78,1
135,317,1
239,317,1
95,165,5
135,177,1
261,317,1
100,288,1
185,288,1
25,321,1
74,321,1
146,283,2
79,169,1
158,321,1
53,205,1
16,76,7
103,321,1
25,159,1
101,264,1
91,97,1
120,250,1
82,239,5
238,264,5
122,264,3
15,122,3
261,264,1
13,103,1
159,169,2
110,286,1
53,109,9
70,205,1
103,231,1
178,239,5
159,244,3
159,297,4
16,220,10
15,267,2
8,205,1
53,242,15
8,258,2
142,199,1
56,264,2
32,207,1
109,242,10
122,263,1
122,218,4
122,219,8
214,256,1
125,242,2
85,116,1
85,163,1
214,215,9
15,286,6
212,250,1
125,215,3
214,326,4
75,215,2
191,198,4
200,208,13
169,318,3
36,256,8
38,256,6
63,215,5
215,275,2
51,215,4
51,125,4
51,53,4
11,265,23
51,63,6
51,75,3
16,138,1
92,116,60
36,145,1
38,181,19
109,169,2
137,301,1
141,147,1
4,116,8
70,262,1
74,103,7
70,122,1
75,242,18
38,72,1
272,293,2
122,192,22
87,91,1
37,281,1
70,281,1
122,181,2
87,264,26
8,116,3
87,238,1
51,190,1
22,122,1
243,281,1
142,243,1
150,202,2
33,122,1
49,190,1
11,249,2
40,49,1
11,313,4
67,242,15
108,122,1
9,321,1
11,321,1
76,192,1
77,243,1
60,293,1
60,272,1
243,272,2
11,51,1
150,321,1
142,321,1
265,321,1
17,192,1
60,305,1
122,301,1
25,174,1
27,128,1
128,318,7
16,166,1
16,145,1
51,141,1
51,303,1
170,231,1
142,301,96
279,301,1
9,187,1
49,63,28
103,288,1
103,299,1
11,74,1
74,170,2
74,299,1
103,205,1
49,51,2
103,292,1
145,174,1
100,145,1
231,272,1
293,301,1
25,288,1
103,170,1
265,272,11
265,273,1
145,303,22
1,293,1
77,271,1
196,287,1
287,293,1
9,145,3
122,237,3
280,293,17
288,292,1
36,231,1
122,123,3
171,187,1
167,321,1
81,321,5
30,309,24
56,58,9
51,103,1
243,244,4
27,321,8
169,237,1
15,58,3
65,174,1
18,244,1
148,251,55
141,145,14
65,100,1
215,253,9
53,65,5
78,135,1
105,219,4
49,126,5
253,255,16
105,112,3
122,238,1
123,239,2
216,219,1
170,194,14
188,194,6
9,307,14
215,298,1
112,306,5
107,188,41
14,186,6
111,186,7
111,124,1
220,233,1
31,58,3
127,209,2
70,130,1
127,206,5
122,312,3
107,174,11
122,247,1
17,130,7
112,207,1
236,277,29
49,317,21
83,264,3
82,264,4
56,241,2
96,159,1
67,89,1
181,198,1
139,181,1
96,314,1
198,206,2
122,138,1
181,302,2
79,138,1
78,206,1
79,206,1
187,317,3
18,306,2
138,302,2
68,231,1
192,306,1
134,163,1
77,134,1
134,192,1
135,236,9
112,192,1
77,298,1
77,262,1
68,165,1
45,306,4
88,199,1
56,236,2
23,119,1
120,314,7
77,138,3
16,107,2
60,193,1
126,213,1
108,188,8
186,213,1
108,213,1
101,114,3
30,138,2
36,86,1
38,117,1
107,116,1
97,101,1
23,157,135
88,238,24
77,309,2
135,241,1
225,264,2
88,236,2
241,277,1
237,241,2
37,130,2
148,256,2
67,283,11
251,256,2
30,198,1
31,138,2
78,198,1
198,221,2
191,221,4
11,269,1
145,265,1
166,265,1
176,220,1
167,202,1
153,202,1
27,102,168
133,145,1
184,285,4
148,285,72
144,288,7
256,257,1
11,214,1
301,303,79
207,257,34
142,326,1
271,305,1
11,322,2
273,303,1
23,231,1
23,67,1
103,314,1
119,146,1
141,248,1
119,263,1
51,262,1
51,285,2
51,147,1
51,184,6
119,156,11
51,263,6
93,149,11
18,147,4
255,263,2
45,89,1
211,306,1
112,211,1
159,285,2
56,110,1
205,298,1
179,210,3
147,253,1
33,127,1
79,192,2
30,78,1
85,266,1
43,78,1
15,78,1
77,206,2
43,132,1
61,91,2
100,274,10
57,124,1
226,295,3
174,274,7
38,91,1
177,274,1
72,215,1
90,218,2
78,114,1
13,116,1
163,224,1
90,219,2
91,200,1
72,207,17
36,41,1
41,127,1
56,161,1
105,295,3
16,47,1
71,213,12
213,243,2
215,262,1
107,237,3
107,111,3
75,174,1
75,274,2
17,111,2
161,321,1
31,306,1
83,116,8
83,114,2
187,213,2
39,233,2
17,181,1
16,238,1
17,166,1
61,245,1
107,117,1
13,47,7
84,116,1
47,117,5
13,117,2
51,245,3
114,124,1
56,61,1
32,229,1
229,290,11
159,245,1
47,64,1
229,293,5
226,293,2
158,243,1
120,169,4
47,88,1
13,88,1
76,124,1
109,151,1
72,208,2
72,255,1
72,253,27
143,223,1
20,89,1
207,253,15
23,319,1
211,222,13
58,181,1
205,315,2
182,192,3
87,245,8
63,317,1
285,315,1
110,237,3
278,287,1
144,316,14
90,295,5
6,249,8
281,322,14
7,33,2
33,37,1
147,257,2
7,32,4
72,317,2
282,297,3
7,115,2
141,291,1
171,320,1
272,299,13
170,320,2
11,208,1
12,90,11
18,226,3
127,167,1
198,309,1
216,222,3
217,222,39
197,216,1
92,209,1
75,107,1
75,76,1
120,157,1
19,197,1
90,226,1
90,113,1
27,279,2
53,183,12
171,235,1
103,178,6
60,148,1
20,211,2
75,253,2
120,148,1
178,323,2
209,323,3
53,60,6
77,182,1
61,309,1
77,177,1
58,149,1
236,245,1
175,228,1
105,205,1
27,68,4
30,236,1
133,175,1
171,216,1
60,157,1
215,216,1
150,226,1
194,253,1
213,219,1
167,182,2
5,84,2
143,263,1
84,216,1
86,110,1
148,253,1
140,249,1
30,127,1
176,239,14
279,323,4
9,228,20
49,223,1
82,227,1
152,183,1
122,189,1
228,235,1
217,287,1
140,295,2
167,169,10
58,277,4
58,86,1
83,263,1
82,263,1
214,251,1
272,313,1
215,322,1
214,296,8
169,323,3
76,115,1
214,287,1
9,122,1
120,196,5
147,287,4
53,148,1
215,287,1
287,296,1
169,279,1
105,280,1
60,214,2
136,307,1
60,168,3
168,214,2
103,189,10
97,121,1
167,279,4
30,277,3
162,245,1
116,245,4
114,283,1
256,312,1
265,322,2
116,246,3
115,246,1
115,245,1
62,103,1
136,265,2
150,222,1
31,266,2
209,266,1
97,127,1
209,225,1
57,135,2
179,266,1
216,287,1
62,189,20
117,250,1
249,253,1
256,287,1
98,118,1
77,277,2
255,296,1
21,279,2
10,249,1
105,287,2
18,150,12
12,105,4
65,77,1
27,242,1
172,291,1
84,122,1
257,287,1
221,225,1
81,167,7
37,122,76
257,297,3
94,122,74
244,287,1
248,287,1
27,151,2
142,258,1
163,182,1
206,239,1
249,287,1
162,168,3
24,168,1
281,291,1
162,169,7
24,169,1
68,158,1
89,222,4
81,151,2
135,197,1
20,150,7
214,223,1
24,68,1
157,158,2
136,313,2
80,151,1
223,249,1
207,308,1
207,311,2
150,224,1
106,222,3
9,83,1
9,277,1
181,209,1
207,303,1
166,280,2
146,162,5
145,291,2
171,242,1
157,196,1
272,276,3
186,312,1
136,291,1
9,249,1
201,320,1
258,276,1
23,120,1
215,297,3
69,169,1
113,222,4
197,249,9
46,147,1
144,291,1
80,194,3
272,316,1
242,326,1
188,320,1
189,196,10
140,144,1
140,150,4
257,303,1
62,177,1
225,241,2
9,136,2
126,185,1
185,317,1
154,250,1
46,253,1
140,276,1
215,310,3
207,214,10
80,149,1
225,236,3
24,118,1
136,150,1
25,81,4
24,327,1
276,313,2
12,222,36
150,272,9
53,194,15
80,109,1
203,248,1
60,102,1
23,51,1
106,219,1
217,228,3
20,197,3
20,251,1
238,277,1
82,238,1
214,310,15
102,149,3
280,322,1
136,316,2
136,293,1
242,257,2
111,225,2
112,222,3
225,252,2
21,75,1
21,103,2
215,242,1
252,261,1
27,103,1
140,292,1
110,261,4
82,110,1
110,245,1
272,307,2
292,299,5
194,201,15
46,298,2
38,122,45
23,68,28
19,106,10
7,122,23
79,175,1
30,79,1
57,179,1
175,210,1
18,295,6
161,186,1
132,138,1
44,90,2
198,210,1
77,139,2
118,189,2
12,295,8
57,139,4
57,138,2
53,180,1
158,314,1
67,169,2
52,157,1
290,301,1
299,316,1
166,303,1
126,183,6
57,209,1
185,194,1
53,126,2
10,292,1
197,298,2
53,100,1
205,278,1
216,281,1
134,217,1
133,316,11
133,313,4
258,315,1
134,303,1
226,303,2
136,298,1
235,298,2
10,285,1
172,196,1
133,285,1
133,298,2
105,133,1
196,258,6
25,169,1
103,196,2
60,228,1
103,265,1
172,314,1
225,245,1
111,266,1
103,258,11
72,235,1
18,205,2
39,279,1
39,271,1
196,205,4
213,308,2
214,244,6
258,314,1
18,258,1
199,311,2
199,282,1
18,103,2
199,214,4
103,279,1
103,323,5
182,233,1
84,118,1
71,196,3
49,133,1
167,318,3
71,184,1
187,189,4
49,169,1
18,251,1
183,187,4
50,170,3
133,150,1
50,72,2
9,128,1
81,174,1
150,276,2
75,303,1
9,219,3
228,299,5
134,136,6
113,251,2
105,197,1
197,251,3
134,278,2
197,219,1
53,174,2
202,280,3
217,292,1
217,301,1
24,314,3
241,261,1
118,317,1
16,36,1
16,108,1
8,114,1
28,114,1
28,64,1
66,115,1
29,117,1
20,239,1
97,111,2
49,312,1
41,61,1
29,312,1
117,173,1
310,326,1
17,122,1
10,205,1
148,311,1
213,310,1
282,303,1
222,263,1
263,303,1
122,124,1
147,256,1
49,80,2
272,311,1
223,297,2
223,244,1
174,244,1
49,271,20
50,271,11
136,288,6
122,244,1
199,257,1
82,94,1
184,297,18
255,326,2
49,244,1
61,264,1
199,255,1
212,230,1
147,184,9
18,211,1
44,295,37
222,298,1
211,249,1
46,90,1
210,263,1
122,221,1
122,210,1
6,306,17
182,264,1
178,264,1
82,87,3
178,238,1
2,153,5
101,111,2
4,16,2
4,17,7
85,210,6
150,269,4
81,107,1
80,153,1
80,318,2
152,214,4
39,152,1
17,85,1
153,279,1
46,218,12
1,74,1
279,321,1
25,271,4
74,109,1
153,271,3
152,318,2
276,288,1
26,81,4
203,257,1
244,257,1
283,314,1
175,312,2
61,83,1
61,312,1
61,302,1
28,302,1
108,175,1
147,214,2
61,225,1
27,39,1
39,128,1
230,243,8
285,288,1
111,284,2
65,101,6
46,228,1
282,326,1
223,257,2
121,237,1
5,211,1
20,212,1
59,225,1
53,303,1
228,248,4
63,280,1
52,156,1
24,72,1
24,52,1
44,298,1
156,162,2
81,154,17
88,312,2
28,210,4
94,239,1
228,295,1
95,146,1
257,326,1
5,298,4
51,317,2
51,100,2
51,170,1
5,228,1
113,212,1
212,222,1
12,212,1
113,219,1
113,230,1
106,306,1
241,252,4
88,191,1
6,251,1
108,239,2
84,94,2
108,261,2
94,161,1
175,261,2
175,239,1
261,302,1
12,216,1
63,188,1
83,249,1
10,313,1
38,174,1
168,270,1
53,250,1
13,228,1
258,316,3
205,316,7
210,250,1
133,287,2
239,250,1
298,317,1
9,258,1
