node_1,node_2,node_3,num_occurrences
1,2,17,13
2,5,17,12
32,33,34,3
32,33,48,3
15,16,56,2
33,34,49,2
27,33,49,1
32,34,48,6
32,48,61,23
59,60,62,3
58,59,60,1
20,21,22,1
27,33,34,2
32,37,48,4
36,61,62,1
35,37,50,1
48,61,100,1
39,107,112,1
39,74,112,2
24,126,128,1
24,126,127,1
38,138,144,1
77,105,108,1
107,109,132,2
54,55,108,2
54,86,108,4
32,83,85,1
90,159,161,1
33,34,82,2
27,33,82,1
34,60,82,1
32,33,60,1
55,108,111,7
32,33,93,1
32,33,85,2
93,168,178,1
92,93,103,1
92,93,171,3
40,52,105,1
58,82,84,1
86,105,108,3
26,43,183,1
2,3,177,1
1,5,17,2
121,124,157,11
2,80,188,1
131,143,162,3
128,131,143,2
128,143,162,1
128,131,162,1
1,17,165,1
26,31,69,1
5,17,165,1
10,81,125,1
42,46,65,1
23,139,197,1
81,121,157,1
19,57,70,1
217,218,219,1
216,218,219,3
216,217,218,2
216,217,219,1
126,127,150,1
31,65,66,1
149,150,197,1
123,131,156,1
19,25,183,1
141,142,158,1
1,2,5,3
26,43,44,1
25,41,183,1
124,125,157,2
131,150,181,1
2,3,191,1
2,165,191,1
3,165,191,1
2,3,165,1
15,148,179,1
125,134,147,1
131,143,156,1
131,150,156,2
127,131,156,1
125,137,147,1
58,85,91,2
58,60,91,2
2,165,184,1
11,76,114,4
76,94,114,1
140,142,147,1
3,164,165,1
120,136,145,3
124,125,147,2
45,65,189,2
10,124,125,3
9,120,136,4
124,157,195,5
21,87,152,1
71,191,194,1
58,84,91,3
3,191,194,2
213,220,223,1
213,216,223,1
24,138,143,7
213,214,216,1
1,3,164,1
204,205,220,3
201,215,219,2
26,43,47,1
191,193,225,1
101,142,158,2
45,46,65,1
102,133,142,4
5,184,225,1
101,135,158,8
211,217,219,7
23,128,197,7
23,128,138,2
128,138,197,1
23,138,197,2
139,143,150,1
38,139,150,1
88,93,171,1
144,149,151,9
46,65,66,1
126,127,196,1
23,38,128,36
143,149,151,2
24,138,180,10
23,24,180,3
123,144,159,1
100,143,153,1
28,126,151,1
78,153,159,4
23,24,138,3
79,156,168,1
153,159,161,20
150,162,197,3
131,150,162,1
37,61,90,1
37,48,90,2
27,61,90,2
27,48,90,2
78,159,161,2
78,153,161,3
24,180,197,1
126,143,151,1
27,48,61,2
48,61,90,1
159,161,172,11
101,141,147,3
45,47,70,1
129,130,145,5
224,226,227,1
123,144,149,7
139,144,149,2
150,156,162,3
79,83,172,1
79,83,103,1
100,103,168,1
79,103,168,3
150,180,197,1
24,150,180,2
61,90,178,1
153,159,172,14
24,162,180,1
23,128,139,15
83,100,168,1
79,83,100,1
103,153,161,1
83,168,172,1
37,104,178,1
37,50,104,1
37,50,97,1
37,97,104,1
50,97,104,1
79,100,168,2
78,103,172,1
60,84,91,1
84,91,104,4
58,75,171,1
1,2,164,6
83,100,172,1
79,100,172,1
48,92,178,1
123,149,151,2
126,149,151,4
78,100,153,1
78,83,153,2
84,91,171,23
45,46,66,6
36,97,104,3
138,143,162,2
36,37,97,1
123,144,151,10
23,38,150,2
27,37,48,4
204,205,217,1
201,213,223,1
201,213,216,1
32,79,178,1
32,33,178,1
33,79,178,1
32,33,79,1
213,216,217,1
33,159,178,1
33,100,178,2
213,217,223,1
85,100,178,2
123,126,151,1
27,37,168,1
27,37,161,1
84,89,171,5
27,33,37,4
97,98,99,12
23,128,149,1
36,104,161,1
92,128,151,1
32,61,100,1
48,61,85,5
4,188,200,2
50,99,104,1
32,149,151,1
38,128,139,4
23,38,139,4
61,85,97,1
123,126,149,6
36,58,75,2
1,184,194,1
1,184,191,1
1,5,184,2
187,190,198,6
91,104,171,2
79,85,97,1
150,156,196,3
125,142,210,2
82,123,144,1
50,84,171,30
81,142,210,2
103,123,151,1
103,123,144,1
64,91,104,8
141,147,210,3
78,89,90,1
127,150,196,1
216,223,224,1
120,129,145,7
50,91,104,6
62,149,153,1
214,216,223,5
36,89,171,1
141,142,210,1
32,48,90,1
123,151,197,3
84,92,171,17
59,91,172,2
55,86,105,5
18,26,185,4
98,99,104,1
32,99,104,1
103,144,197,1
123,144,197,2
18,26,183,1
120,129,136,2
129,136,145,1
103,126,144,1
36,59,172,4
201,220,224,1
34,103,123,1
123,149,197,1
97,100,104,1
36,58,59,4
62,91,153,1
126,149,197,1
58,59,75,1
23,138,162,2
64,97,99,1
34,85,144,1
13,119,179,1
58,84,171,1
143,150,156,3
138,150,156,1
90,100,178,1
58,59,62,1
97,99,104,4
207,215,226,1
209,216,224,2
79,84,171,1
101,136,145,1
72,148,192,1
123,126,197,2
72,192,199,1
129,130,146,1
79,91,168,1
129,130,140,1
82,92,103,3
34,82,103,1
81,101,134,1
101,134,158,2
120,121,133,3
10,125,157,2
9,145,146,5
81,102,195,3
32,60,61,2
2,71,191,2
136,142,145,1
28,59,61,1
27,33,48,1
119,166,167,4
166,167,169,2
28,32,61,3
101,102,158,4
121,129,133,1
121,129,130,3
16,119,166,1
119,166,169,1
37,60,178,1
101,134,147,1
78,84,171,1
120,121,130,5
10,102,157,1
28,35,61,2
120,129,130,5
34,37,60,1
78,171,181,1
88,103,172,1
97,104,161,3
102,124,142,6
45,65,66,2
50,58,172,1
50,58,161,1
50,104,172,1
120,125,129,1
145,146,195,6
141,146,195,1
9,102,124,1
141,145,195,8
136,147,210,4
85,159,168,1
79,85,168,3
10,133,140,2
202,215,216,3
9,129,142,1
102,129,142,1
83,90,100,10
82,83,100,4
82,90,100,1
82,83,90,1
120,121,125,4
121,125,137,1
120,121,137,6
120,125,137,1
121,130,137,1
10,133,157,1
133,140,157,1
10,140,157,2
141,145,146,5
136,147,158,1
205,218,219,2
83,99,104,2
214,217,226,4
88,103,104,1
10,157,210,3
85,91,159,1
9,102,142,1
207,214,224,1
209,213,220,2
83,90,91,1
208,213,220,1
208,209,213,1
208,209,220,1
177,184,194,2
133,141,195,1
204,208,213,12
9,124,142,1
212,217,226,1
217,222,226,1
121,135,215,1
23,142,145,1
209,220,221,1
9,134,142,2
101,133,136,1
10,202,221,1
129,202,221,1
120,121,124,11
205,216,220,1
120,121,126,1
125,130,137,1
10,129,157,5
124,142,146,1
205,209,220,3
120,121,135,6
121,135,140,1
120,135,140,1
120,121,140,6
125,137,157,1
214,216,226,1
156,214,226,1
10,157,224,1
10,129,224,1
187,193,194,1
156,214,221,1
124,145,146,3
124,142,145,2
4,193,194,2
141,142,145,2
124,141,145,2
124,141,142,2
4,188,194,3
4,188,193,1
188,193,194,1
205,209,218,1
214,217,221,1
206,207,212,4
209,218,220,1
120,121,146,4
120,121,145,3
121,145,146,2
120,145,146,3
101,158,220,1
145,146,147,1
46,66,70,4
45,66,70,5
45,46,70,2
135,202,215,3
142,145,146,1
10,205,209,1
10,205,219,1
205,219,220,1
101,219,220,1
9,134,147,5
129,135,215,1
129,202,215,1
150,156,214,1
150,214,226,1
125,137,221,7
81,157,224,1
164,187,193,1
1,187,193,6
5,184,191,16
121,134,147,1
134,140,147,1
134,140,145,2
3,187,193,3
1,3,187,1
1,3,193,1
216,217,226,4
1,187,190,2
120,141,145,3
101,157,158,24
157,158,219,1
1,190,193,2
206,207,224,1
207,211,224,1
26,183,185,1
124,141,146,1
126,139,151,1
187,190,193,2
120,121,142,2
121,142,145,1
120,142,145,1
24,123,138,5
38,128,156,1
24,123,180,5
209,214,220,1
202,215,223,1
9,81,140,1
9,81,134,1
9,134,140,1
81,134,140,1
81,134,145,1
33,37,50,4
216,217,221,1
206,222,224,1
211,212,222,7
120,121,136,15
24,128,197,1
24,128,138,2
204,213,216,4
204,216,217,1
120,124,141,8
24,138,197,2
204,208,216,1
136,142,147,4
136,142,223,1
3,190,193,1
9,142,223,1
135,140,147,1
23,128,156,3
1,164,193,4
204,216,221,1
128,138,180,3
23,128,162,1
3,184,198,43
144,151,197,1
24,144,151,1
120,121,201,1
5,71,186,16
136,142,210,2
123,139,197,1
141,157,158,1
102,195,203,1
123,197,230,1
126,144,151,3
126,144,149,5
205,216,219,1
129,130,213,2
126,143,149,1
129,208,213,2
129,204,208,2
129,204,213,2
101,124,141,1
101,141,158,3
146,207,224,1
38,128,150,2
167,173,176,1
205,216,217,1
102,195,211,1
24,143,180,2
10,101,158,27
144,151,230,5
23,138,143,1
134,142,147,5
101,124,158,1
127,197,231,1
134,209,220,1
18,25,26,4
120,121,157,1
3,158,184,1
9,193,194,1
24,131,180,1
24,131,143,1
217,223,226,1
202,217,226,1
5,164,190,5
2,4,194,2
2,205,219,1
10,121,190,1
120,121,190,3
135,140,221,1
125,145,146,1
126,149,230,2
4,165,194,1
2,4,165,1
2,165,194,1
134,147,203,1
123,150,196,1
10,101,157,31
81,124,142,2
144,197,230,2
187,191,193,4
211,217,223,3
71,186,190,22
120,186,190,1
215,216,226,1
138,143,180,2
1,71,190,2
1,71,186,4
1,186,190,3
140,186,190,1
1,140,190,1
1,140,186,1
164,188,194,1
205,219,221,1
2,101,165,1
2,101,158,1
208,211,223,3
2,101,157,1
214,215,221,1
136,137,142,1
135,140,223,1
1,17,191,3
133,136,142,1
10,136,137,1
102,129,195,2
201,209,224,1
1,191,193,5
120,121,141,5
135,137,140,1
135,136,140,1
68,71,186,3
3,4,198,6
148,167,170,2
124,135,141,1
9,142,200,1
4,165,198,1
1,187,191,3
164,179,188,2
5,164,179,2
5,179,188,2
5,164,188,26
68,173,177,1
16,68,173,2
135,136,137,1
136,137,147,1
173,177,199,1
174,176,194,45
121,124,141,2
14,134,142,2
167,170,175,1
118,187,191,1
118,187,193,1
118,191,193,1
114,115,116,7
71,186,192,3
68,164,188,1
148,163,166,1
5,136,164,1
4,17,200,1
71,190,192,3
71,120,190,1
204,208,217,2
148,157,163,1
101,148,157,1
157,158,163,1
6,87,110,2
211,213,221,1
21,122,228,3
101,148,163,1
148,158,163,1
101,158,163,1
101,148,158,1
186,199,200,1
102,142,210,1
7,122,228,1
7,11,228,1
7,21,228,1
7,11,122,2
7,21,122,1
7,11,21,1
11,122,228,1
11,21,228,1
11,21,122,2
22,95,114,3
20,95,114,1
22,95,110,1
20,95,110,1
63,96,115,1
71,72,186,1
22,87,110,3
6,22,87,5
6,22,110,2
120,141,147,1
16,56,68,1
56,68,118,1
101,148,193,1
8,76,152,3
176,199,200,1
20,87,110,1
12,94,152,1
12,76,152,2
71,169,186,1
68,72,173,1
167,170,174,2
8,12,152,4
8,12,76,1
7,95,114,1
7,20,95,2
129,130,195,3
13,15,119,9
6,87,115,2
68,199,200,1
167,169,170,4
9,81,145,1
9,125,141,1
9,141,145,3
71,176,190,1
72,176,190,1
62,64,75,1
118,148,193,1
55,86,111,4
76,95,114,110
4,17,165,1
17,165,187,1
16,87,187,1
74,106,112,8
6,190,192,2
7,116,152,1
22,116,152,1
4,118,165,10
71,166,186,2
16,56,187,2
72,190,192,2
6,72,190,2
6,72,192,1
77,113,154,5
129,147,210,1
166,186,192,1
68,160,166,2
120,124,129,1
19,31,46,1
121,133,134,3
8,87,116,1
9,125,142,1
121,125,133,1
16,17,187,1
20,87,116,1
114,115,228,1
76,114,115,1
81,130,195,1
11,95,117,1
10,133,134,1
43,65,66,2
43,66,183,1
94,95,117,1
176,190,194,3
14,67,191,10
102,136,157,2
55,105,108,2
55,105,111,2
9,135,145,1
8,11,95,1
11,76,95,1
13,167,170,5
105,108,111,1
101,102,136,1
30,86,109,1
119,170,177,1
72,163,179,5
68,163,179,2
68,72,163,2
68,72,179,6
1,2,16,3
9,81,137,1
12,87,152,1
130,133,141,1
125,134,145,1
176,192,194,2
1,118,165,1
41,69,185,2
46,69,185,1
41,46,69,2
41,46,185,1
101,120,136,1
25,41,69,1
18,19,183,1
56,80,187,1
1,80,187,1
166,176,194,5
68,72,192,4
119,167,170,10
105,119,170,2
105,119,167,3
105,167,170,6
42,47,66,1
42,66,70,1
11,95,114,3
204,205,221,1
13,52,177,1
13,15,52,5
72,163,192,1
53,77,113,1
10,81,124,8
2,56,187,1
160,166,194,2
166,174,194,6
15,52,86,1
16,71,186,1
25,41,46,2
57,155,182,1
76,86,95,1
20,76,95,2
20,76,114,1
53,113,154,5
7,11,116,1
54,55,72,3
6,47,65,1
39,106,112,5
94,117,173,1
166,174,176,4
14,191,200,5
52,108,177,1
163,183,190,1
19,31,111,1
18,163,190,1
126,138,143,3
2,183,186,1
140,147,210,1
11,22,76,4
74,86,109,1
29,30,69,1
94,117,199,1
22,76,95,6
2,80,118,1
2,56,118,2
86,167,170,1
20,110,116,1
18,41,190,1
21,87,122,1
41,71,186,1
2,67,118,1
13,21,119,1
1,80,179,1
5,186,190,3
1,80,176,1
52,107,109,1
1,80,132,2
5,176,190,1
111,163,177,1
72,111,177,1
107,109,194,1
121,130,195,3
4,5,190,4
29,30,74,7
20,21,96,1
19,31,70,1
214,216,220,3
5,183,190,2
68,173,200,1
148,179,193,4
8,20,95,1
87,116,122,1
18,26,44,2
183,186,190,2
71,183,186,3
2,67,179,1
76,95,110,1
111,113,154,2
57,177,182,2
71,183,190,3
72,113,154,1
160,170,194,1
110,122,152,1
105,169,225,2
6,7,116,1
160,166,167,1
160,163,167,2
160,167,176,1
81,102,142,2
108,109,119,1
5,183,186,1
204,214,223,1
5,71,190,8
8,15,69,1
14,132,191,1
14,67,132,1
67,132,191,1
86,107,109,1
39,74,109,1
105,160,166,1
118,148,179,1
13,15,109,1
214,216,221,8
16,72,177,1
68,174,176,1
5,174,176,1
216,221,223,2
7,94,117,2
148,160,174,1
165,191,193,1
202,207,212,2
20,96,228,1
164,194,198,1
13,52,107,1
46,65,69,1
160,174,176,12
54,55,111,3
202,206,207,1
8,20,114,1
56,57,182,2
5,107,187,1
31,163,176,1
56,57,118,1
15,86,109,1
206,213,227,1
39,55,106,1
211,219,224,1
217,219,224,1
53,132,154,1
201,206,208,2
202,206,208,15
220,222,224,2
211,218,224,1
218,222,224,1
15,52,148,1
24,149,162,1
24,123,149,1
63,87,96,1
53,77,154,1
18,42,44,1
30,74,108,1
13,52,109,1
41,54,232,1
18,44,183,2
67,148,167,1
160,163,174,1
67,167,170,1
14,56,170,2
69,182,185,1
57,69,182,3
25,46,183,1
56,167,170,1
18,19,42,2
16,118,192,4
68,169,170,2
56,68,169,1
25,46,66,1
12,20,95,1
15,67,176,1
87,115,116,1
8,63,76,1
166,167,173,1
166,167,179,1
166,173,179,1
167,173,179,2
167,173,199,1
167,179,199,1
173,179,199,2
74,113,132,2
15,174,176,1
73,108,109,1
83,103,172,1
97,103,172,1
57,69,185,2
18,41,45,1
18,41,182,1
41,45,182,1
41,44,232,1
31,47,66,1
43,183,185,1
31,47,70,1
31,66,70,2
3,187,190,2
81,101,147,2
206,208,212,1
206,208,211,1
126,156,197,1
121,124,195,6
91,93,172,2
93,99,172,2
91,99,172,2
91,93,99,2
2,5,71,3
2,5,191,3
19,31,232,2
88,93,103,2
105,221,223,4
128,131,230,2
81,124,157,9
23,127,131,2
24,139,150,1
101,145,158,1
23,123,128,1
188,190,194,1
10,124,145,2
131,139,150,1
23,139,150,1
190,194,225,1
10,101,145,1
24,131,150,1
23,123,150,2
23,24,150,1
126,128,197,1
126,151,197,1
191,200,225,2
101,147,158,3
128,131,138,1
131,138,180,1
89,104,159,1
79,85,92,1
2,186,225,3
41,182,183,1
24,138,144,3
40,132,201,3
9,120,145,8
52,54,108,1
206,212,220,5
16,68,169,1
126,138,197,1
23,150,156,3
101,129,145,1
123,126,144,2
133,137,140,1
123,131,162,1
123,144,162,1
123,144,150,2
80,187,225,1
38,126,150,2
38,126,156,1
38,144,150,2
126,131,150,2
102,135,142,10
38,126,131,2
123,126,128,1
38,126,128,1
123,127,131,1
123,131,144,2
28,48,62,1
177,184,190,1
1,5,190,1
52,208,217,1
105,212,223,2
84,103,171,3
84,104,171,11
214,216,222,3
82,89,103,1
81,121,136,1
89,92,103,4
27,58,75,1
48,61,62,2
78,89,92,2
50,58,75,1
36,50,75,1
36,50,58,1
201,204,208,1
24,138,139,2
102,125,135,1
36,50,64,3
145,147,157,1
23,128,231,2
204,207,208,8
20,63,95,8
78,84,153,1
28,37,178,1
9,81,147,2
23,123,197,1
32,48,58,3
20,87,95,7
205,214,221,6
101,121,157,1
84,99,104,4
9,137,147,1
81,137,147,2
32,48,60,2
101,136,146,1
48,60,181,1
58,62,75,1
20,76,87,2
27,28,35,2
37,51,178,1
180,197,231,1
121,136,157,1
128,138,144,1
87,95,233,1
150,197,231,1
136,146,157,1
34,60,181,1
23,128,150,7
23,150,197,2
33,34,35,2
84,99,171,9
81,101,137,2
27,28,61,2
5,164,191,6
128,150,197,1
136,140,145,3
10,140,145,1
55,73,111,5
8,76,95,2
78,82,153,3
102,121,147,1
120,121,147,2
102,125,147,2
20,95,233,1
63,87,233,1
20,63,87,3
20,63,233,1
20,87,233,1
33,34,178,1
99,104,171,3
55,73,108,3
41,66,70,1
201,207,223,1
18,57,182,1
78,99,171,1
18,182,183,2
83,100,103,5
9,101,137,2
41,46,70,1
63,87,95,3
78,99,104,5
78,104,153,1
33,34,60,2
19,43,45,2
82,100,103,1
42,65,232,1
62,75,181,1
41,46,66,1
23,128,131,5
204,207,220,2
70,182,183,1
66,70,182,1
207,220,223,1
204,208,220,18
91,99,104,5
16,56,118,20
83,89,92,3
33,34,37,3
208,220,223,1
166,174,192,11
167,169,192,1
169,174,192,1
166,169,174,1
56,166,174,1
56,166,169,1
56,169,174,1
83,92,100,2
92,100,161,1
170,173,199,2
16,118,173,5
201,205,214,1
201,205,227,1
205,221,227,1
16,56,166,3
167,174,192,3
89,92,100,1
127,131,231,1
78,91,99,1
23,38,197,1
36,59,75,30
8,76,150,1
101,137,140,1
81,120,147,1
81,102,120,1
167,170,192,7
16,118,166,1
56,118,166,1
2,177,200,1
84,171,205,1
211,222,223,9
9,10,101,1
36,75,214,1
76,95,150,1
36,84,171,1
10,81,157,2
78,89,153,1
63,99,114,1
75,99,114,1
32,48,83,4
32,48,100,7
73,211,222,1
41,46,136,1
66,70,183,1
73,111,211,2
9,31,101,1
32,83,100,10
48,83,100,3
9,45,101,1
86,108,177,25
32,89,100,5
117,149,150,8
16,118,119,3
167,170,186,1
111,211,222,3
33,34,92,2
54,211,223,1
18,81,125,1
20,82,208,1
50,63,99,2
1,2,8,2
1,8,87,1
23,95,128,7
76,95,128,1
23,38,95,1
38,76,95,2
86,177,205,1
50,63,64,1
50,64,99,7
83,89,100,4
48,83,89,2
157,158,182,1
40,205,214,83
23,114,128,1
38,114,128,1
63,64,99,1
82,84,171,6
34,82,92,2
1,2,87,6
48,89,100,1
32,48,89,2
32,83,89,3
20,123,144,4
9,16,31,1
205,208,214,9
33,82,92,5
119,166,174,7
125,158,182,1
38,76,114,2
65,91,104,1
50,64,171,9
70,82,144,1
36,59,153,1
40,204,208,1
204,208,214,1
204,205,208,3
40,208,214,1
40,205,208,4
40,204,214,1
40,204,205,1
204,205,214,1
23,38,76,2
167,170,200,2
23,76,95,2
104,157,182,1
27,32,48,4
32,89,103,1
18,81,136,1
55,86,229,1
184,186,192,11
32,100,103,4
23,38,131,1
111,118,182,1
8,138,180,3
8,65,138,1
117,149,161,13
117,150,161,37
149,150,161,10
46,120,147,1
41,46,120,1
8,65,102,1
41,69,120,1
32,83,103,3
40,214,221,1
40,205,221,2
153,214,221,1
81,111,136,1
18,111,136,1
16,76,95,1
137,200,221,2
46,69,157,1
120,167,170,1
18,73,207,1
20,31,70,1
43,46,157,1
73,207,208,1
16,56,119,3
56,118,119,2
83,89,103,1
55,177,223,1
204,207,227,1
16,33,56,1
100,127,200,1
137,146,221,1
207,211,227,1
9,20,31,1
9,31,82,1
33,92,186,1
48,83,103,4
73,108,208,1
207,221,227,1
117,150,220,1
137,146,184,1
34,84,171,1
54,73,108,2
205,207,227,1
125,140,146,22
137,184,186,1
41,111,221,1
64,99,171,1
9,46,73,1
207,211,220,1
9,70,73,1
76,91,95,1
46,54,207,1
34,59,87,1
91,104,111,1
166,174,211,1
34,59,172,1
3,54,198,1
91,161,222,1
41,46,157,1
46,157,182,1
171,173,199,1
31,137,157,1
149,177,223,2
43,125,140,1
170,186,231,1
25,120,121,32
106,204,220,2
127,184,231,1
184,186,231,2
38,173,199,1
38,161,199,1
108,111,222,1
106,208,220,3
106,204,208,20
48,100,103,1
32,48,103,1
56,65,118,1
3,186,198,2
184,186,198,5
16,118,174,1
16,208,220,1
127,177,184,1
2,119,200,4
8,149,197,1
23,127,231,1
1,2,119,4
1,2,34,1
106,167,170,1
106,170,192,1
106,167,192,1
167,170,223,1
20,144,180,6
8,78,138,11
1,119,200,5
1,34,200,1
1,2,200,4
1,2,138,4
25,208,220,1
65,106,204,3
119,138,200,2
2,138,200,3
1,138,200,5
2,119,138,2
1,119,138,2
43,46,101,5
41,46,101,8
108,167,170,1
45,54,136,1
45,136,211,1
31,73,146,14
38,95,114,2
40,86,214,17
40,86,205,6
86,205,214,11
108,167,223,1
10,45,54,26
73,86,214,6
117,161,196,2
10,54,211,23
25,102,136,6
50,89,99,1
50,64,89,2
64,89,99,1
10,111,170,6
208,220,221,1
204,208,221,1
204,220,221,1
41,43,101,18
1,2,173,6
121,136,221,10
10,54,170,8
54,170,211,5
10,170,211,5
8,138,177,1
8,138,149,2
38,150,161,1
75,84,171,2
140,157,207,11
33,92,103,2
33,34,103,2
102,120,121,3
20,87,144,2
104,153,171,1
91,104,153,3
23,128,171,1
23,84,128,3
128,150,171,1
84,128,171,3
84,128,150,1
23,150,171,1
23,84,171,4
23,84,150,1
84,150,171,2
45,54,111,14
31,73,223,9
144,180,197,1
55,69,174,2
1,8,78,1
1,78,138,1
1,8,138,3
40,214,223,8
40,205,223,11
205,214,223,16
106,182,204,2
120,121,221,10
86,214,223,6
2,8,200,1
140,157,158,13
10,45,111,15
45,54,211,17
16,147,222,17
95,114,171,1
84,95,114,1
76,114,171,1
84,114,171,2
76,84,114,1
76,95,171,2
84,95,171,1
76,84,95,2
76,84,171,2
10,45,211,9
87,123,144,1
128,150,161,1
128,150,184,1
16,118,147,5
87,123,180,1
20,144,197,3
102,121,136,8
120,136,221,14
54,111,170,3
102,120,136,6
10,54,111,18
73,86,223,13
56,57,137,1
20,87,180,1
69,108,167,5
38,84,171,1
25,102,121,1
57,137,220,8
38,128,171,1
37,48,83,1
54,111,211,12
2,78,200,1
27,32,89,1
27,48,89,2
27,32,100,2
27,48,100,2
127,200,231,1
64,99,104,1
31,73,192,2
84,171,186,3
34,50,92,1
182,204,208,2
64,84,99,1
45,111,211,10
70,147,222,17
64,84,171,3
91,99,153,6
50,64,84,2
87,144,197,1
20,87,197,1
27,82,89,1
45,54,170,5
10,45,170,6
55,69,167,4
99,104,153,1
2,177,198,1
27,89,100,2
73,146,223,4
45,111,170,5
9,57,220,2
69,108,174,1
65,182,204,4
27,83,100,1
3,177,198,2
27,84,171,1
36,75,172,1
59,75,172,1
27,37,89,1
25,40,205,1
117,153,161,5
99,153,161,3
20,180,197,1
99,117,153,1
99,117,149,1
117,149,153,2
99,149,153,1
149,153,161,3
102,136,204,1
41,125,227,1
102,121,221,8
23,87,128,2
157,158,207,26
23,128,184,1
87,128,184,1
23,87,184,1
23,38,87,1
41,158,207,1
55,167,174,10
23,119,128,1
38,119,128,2
55,166,174,3
16,70,147,1
120,205,214,1
43,125,227,1
40,86,223,8
50,84,91,1
1,138,197,1
69,167,174,2
1,87,138,1
32,37,89,1
86,205,223,5
73,214,223,1
2,78,127,1
41,157,158,1
2,78,87,1
102,136,221,5
57,137,229,1
45,170,211,2
34,92,103,2
73,146,205,1
33,82,103,1
20,23,144,1
59,150,161,1
31,146,223,3
117,161,172,2
59,161,172,1
150,161,172,2
73,205,214,2
34,103,171,1
25,136,221,8
25,121,221,5
25,40,121,2
10,111,211,6
32,33,103,1
118,147,222,2
57,220,229,3
34,37,48,2
37,82,103,1
37,48,82,1
64,91,171,1
64,104,171,8
50,84,161,1
102,120,221,3
150,153,161,1
3,198,200,4
91,153,161,1
27,48,103,1
48,119,200,1
3,198,199,1
84,99,153,2
84,91,99,2
84,91,153,1
25,102,221,5
106,182,208,1
89,99,153,1
25,120,136,3
3,84,198,2
84,91,198,1
89,99,150,1
99,150,153,3
1,87,231,1
99,100,198,1
99,100,153,1
46,101,227,1
3,184,186,2
3,173,198,1
87,197,198,1
140,158,207,4
76,100,114,1
3,87,198,2
69,108,166,1
1,2,231,2
89,95,114,1
46,101,125,1
86,146,223,1
16,118,222,4
1,78,87,1
70,118,147,3
9,137,174,2
25,121,136,9
119,177,200,12
65,106,208,3
2,33,87,1
1,2,33,1
1,33,87,1
63,95,114,2
1,87,89,1
32,37,100,1
95,149,161,6
76,95,161,10
76,149,161,10
76,95,149,11
78,87,231,1
114,149,161,5
76,114,161,11
76,114,149,10
65,204,208,4
2,184,186,5
1,2,186,1
1,2,184,1
1,184,186,4
33,48,89,1
95,114,161,7
95,114,149,9
57,208,220,2
25,120,221,1
55,108,174,3
1,92,173,1
70,118,222,1
1,103,173,1
1,173,199,3
9,57,137,1
1,89,173,1
108,166,174,1
1,2,199,2
1,89,199,1
78,138,197,1
8,138,197,6
50,84,104,2
43,46,125,1
50,104,171,9
1,87,173,1
50,64,104,7
76,117,149,3
8,87,197,3
8,87,138,7
87,138,197,6
48,95,114,1
50,64,91,1
123,144,180,3
20,123,180,1
27,83,89,1
114,117,161,3
99,114,153,1
37,48,89,2
184,186,199,2
55,108,167,3
173,184,186,2
16,70,222,1
111,170,211,1
65,204,220,2
50,84,198,1
41,43,125,1
48,84,171,1
23,63,128,1
2,184,199,1
65,102,182,1
2,46,186,1
8,78,87,4
46,125,184,1
2,166,221,1
2,125,221,1
83,100,153,1
2,166,174,2
46,184,186,2
125,207,221,1
65,84,106,1
84,106,182,1
54,222,227,1
70,158,221,1
117,150,196,1
65,106,182,1
158,207,221,1
158,207,220,2
16,55,221,1
23,50,84,3
76,184,186,1
10,157,211,1
150,207,220,3
65,204,221,2
150,196,220,2
65,106,221,1
65,208,221,1
158,207,223,1
32,36,59,1
86,207,220,1
16,56,111,2
32,36,172,1
55,103,197,1
55,103,138,1
55,138,197,1
103,138,197,1
25,121,231,1
25,140,231,1
54,111,222,3
65,204,214,1
150,158,220,1
150,158,207,1
9,16,73,1
9,16,118,2
50,84,95,1
153,184,186,1
16,55,222,1
16,55,56,1
27,37,100,1
20,144,150,5
10,70,157,1
27,37,186,1
121,207,220,1
149,173,199,2
120,121,220,1
16,73,222,1
54,55,118,1
123,200,231,1
1,123,231,1
38,161,177,1
3,31,198,1
33,89,92,5
27,33,89,2
10,136,157,9
10,70,136,1
102,125,221,2
119,177,184,9
119,177,231,3
119,184,231,1
177,184,231,4
119,177,186,2
119,184,186,1
177,184,186,2
166,170,174,5
75,144,149,2
9,111,222,1
1,119,184,9
20,75,144,1
101,182,220,1
102,221,222,1
45,125,137,1
73,86,108,3
25,121,140,1
33,37,103,1
16,73,118,1
73,108,118,1
111,137,221,1
45,137,221,1
45,111,221,1
45,111,137,2
127,177,231,2
1,127,231,1
56,118,222,1
16,56,222,1
25,120,192,1
177,186,231,2
9,166,170,1
1,184,231,2
158,166,207,1
25,101,121,1
55,56,222,1
32,82,100,1
9,56,111,1
10,46,57,1
211,223,234,2
1,177,184,8
73,125,137,1
102,192,221,1
192,221,222,1
192,220,221,1
3,117,198,12
158,207,222,1
25,121,234,1
56,111,118,1
9,16,111,1
16,45,118,1
73,166,174,1
25,31,120,3
166,167,174,5
86,166,174,1
3,161,198,2
3,117,161,4
25,31,147,2
117,161,198,1
81,93,233,1
55,207,221,5
127,184,186,1
31,41,43,1
23,38,84,2
1,177,186,3
25,31,121,1
31,120,121,2
73,207,221,2
8,87,123,2
41,43,69,1
43,220,234,1
27,33,103,1
78,99,153,5
157,207,221,5
78,153,180,1
55,120,221,1
120,207,221,1
137,140,234,1
108,167,192,1
41,43,221,2
31,69,120,1
41,65,125,1
46,70,140,1
9,43,182,1
157,158,221,1
146,227,234,1
65,140,234,1
46,140,234,1
46,65,234,1
46,65,140,1
63,123,173,1
31,137,147,1
54,73,222,1
123,138,197,9
1,127,184,1
41,101,120,11
10,57,140,1
147,166,174,1
65,102,158,1
120,121,234,2
33,37,89,2
43,158,234,1
41,158,234,1
10,16,45,1
91,104,200,1
55,157,221,1
101,120,234,1
102,207,223,1
41,65,234,1
43,101,120,7
55,73,125,2
55,73,221,1
54,158,222,1
1,119,177,4
54,73,221,1
41,43,120,3
27,103,150,1
1,127,177,2
43,101,121,2
65,137,205,4
101,120,121,3
65,137,220,4
127,177,186,1
137,205,220,3
65,205,220,2
16,56,136,2
63,173,199,3
95,173,199,2
95,114,173,1
10,57,182,2
43,120,121,2
41,43,121,1
41,120,121,1
69,70,102,1
41,101,121,1
111,211,223,4
166,167,192,1
10,57,157,1
205,214,220,6
43,120,125,1
166,167,170,5
101,120,125,1
137,214,220,2
137,205,214,1
166,170,192,1
16,118,207,1
76,173,199,1
76,114,173,1
3,196,198,1
56,118,136,1
25,41,101,3
166,167,234,1
166,174,234,1
167,174,234,1
31,120,147,1
27,37,150,1
102,205,214,1
54,55,222,3
9,222,223,1
65,205,214,1
170,174,192,1
137,205,221,1
222,223,234,1
25,41,120,2
55,222,223,1
63,95,173,2
25,101,120,1
69,70,136,4
63,95,199,1
111,138,197,1
86,221,227,1
86,108,221,1
3,45,198,1
2,3,198,1
86,108,227,1
1,3,198,4
103,184,186,1
41,43,46,4
111,138,223,1
100,147,231,1
138,197,223,3
1,20,144,1
31,41,101,3
65,83,137,1
75,117,161,5
1,55,149,1
65,137,222,1
65,137,204,1
8,138,223,3
3,137,198,2
91,221,227,1
3,125,128,1
76,84,89,1
55,78,180,1
65,111,137,2
3,198,225,2
65,137,211,1
111,137,211,1
65,111,211,1
69,70,232,2
70,136,232,1
50,65,137,1
76,114,150,1
75,84,89,1
75,84,103,1
50,117,172,1
31,46,101,2
173,185,199,1
69,70,234,1
173,199,221,1
56,111,211,1
16,56,65,1
16,56,211,1
31,41,46,2
69,136,232,1
95,114,136,1
76,95,136,2
76,114,136,1
19,31,41,1
63,65,99,1
65,99,137,3
19,41,101,2
23,38,123,4
59,89,103,1
46,65,137,4
75,89,205,1
46,137,186,2
3,84,171,1
38,45,123,1
54,222,229,1
9,19,31,1
9,31,158,2
9,19,158,1
19,31,158,1
46,50,65,1
9,31,150,1
9,150,158,1
31,150,158,1
59,84,171,2
44,127,140,1
63,99,137,1
8,87,149,1
8,20,87,1
70,106,205,1
47,161,172,1
3,46,65,1
66,95,114,1
66,76,114,1
66,76,95,1
83,84,171,3
66,120,184,1
173,199,227,1
75,161,172,1
3,174,198,1
25,47,121,2
47,121,147,2
86,214,220,1
86,108,214,1
63,99,128,1
69,70,114,1
8,197,223,1
16,167,170,1
56,84,118,1
40,55,111,1
55,106,111,1
27,32,33,1
149,180,197,1
138,180,197,5
16,166,170,1
43,45,70,1
123,180,197,4
123,196,197,2
25,31,47,1
43,66,70,1
43,45,66,1
34,59,75,1
16,166,167,1
167,170,173,1
26,41,183,1
19,41,183,1
25,47,66,3
47,66,70,3
31,43,45,1
38,138,180,1
19,46,57,1
41,46,57,1
25,47,70,3
25,66,70,2
43,45,234,2
211,220,223,4
37,50,64,1
123,138,180,4
31,232,234,1
140,145,146,2
19,46,183,1
50,59,64,3
127,150,231,5
19,57,182,1
43,232,234,2
43,66,232,1
33,37,48,1
36,50,59,3
27,32,37,1
33,36,59,1
32,48,64,1
25,47,69,1
42,65,183,1
5,71,164,7
31,65,70,1
47,65,70,1
128,131,197,1
1,164,190,1
177,184,191,3
3,164,193,3
124,135,142,1
38,143,196,2
50,75,181,1
5,71,191,5
213,214,217,1
50,75,235,1
36,37,235,1
33,58,181,1
51,60,62,3
164,165,193,2
208,212,213,1
51,60,181,1
3,80,193,1
3,80,198,4
3,187,198,3
37,50,61,2
89,97,100,1
89,100,159,2
89,93,100,1
89,93,159,1
2,5,164,2
93,97,171,1
84,93,97,1
84,93,171,3
84,97,171,3
84,97,99,2
59,60,235,2
61,181,235,1
97,159,172,1
88,97,159,1
188,198,200,1
1,5,164,5
85,104,159,2
128,230,231,21
85,89,104,1
85,89,159,1
102,133,140,2
201,217,224,3
9,133,140,1
9,102,140,1
72,179,199,1
93,100,104,1
90,93,100,1
78,79,92,2
203,204,205,2
25,42,232,2
25,42,57,1
25,57,232,6
42,57,232,1
33,37,61,2
37,61,235,1
59,61,235,1
32,35,58,1
16,68,163,3
9,141,210,1
102,133,195,1
102,140,146,2
102,140,195,1
101,130,140,1
23,131,197,1
27,33,36,1
102,135,158,3
146,195,210,1
134,195,210,1
102,134,195,1
102,134,137,1
167,175,176,2
19,25,69,1
10,121,142,1
25,47,185,1
10,141,142,3
102,134,158,1
42,45,70,1
129,130,135,10
10,101,142,2
102,130,141,1
9,145,147,1
101,142,210,1
10,101,134,2
10,142,147,2
10,124,142,4
101,140,210,1
10,134,147,3
10,134,142,1
121,124,142,1
101,133,140,3
10,102,142,3
151,162,197,1
201,212,226,1
9,130,135,1
121,134,137,1
9,129,135,1
102,124,147,1
133,140,141,1
101,133,141,2
101,140,141,2
10,102,124,3
124,142,210,1
10,142,210,1
10,137,142,1
13,173,175,1
133,140,145,1
133,140,158,1
101,133,145,2
133,141,145,1
101,141,145,1
129,135,147,1
10,124,140,1
167,175,192,1
124,146,195,1
124,145,195,1
10,81,135,1
127,131,162,1
127,144,162,1
127,139,162,1
123,128,162,1
38,127,162,1
24,38,156,1
127,128,180,1
23,131,230,1
10,140,141,2
125,134,136,1
9,135,137,2
133,142,145,1
101,158,210,5
134,136,147,2
23,123,131,1
128,139,197,1
128,197,231,1
102,136,147,1
38,123,131,1
23,131,180,1
140,141,157,1
9,140,157,1
124,133,145,1
139,143,197,1
128,139,143,2
135,142,147,1
181,235,236,1
131,138,143,1
133,135,142,1
35,60,235,1
81,136,210,4
131,143,197,2
138,143,197,1
138,143,231,2
143,197,231,1
186,190,194,4
126,156,230,1
23,123,162,1
135,142,157,1
23,139,162,3
128,156,197,1
131,143,180,1
101,136,210,1
128,180,197,2
51,75,181,1
211,221,223,4
203,204,208,1
201,208,212,1
126,197,230,1
208,215,220,5
131,144,150,1
38,131,150,1
28,48,61,1
23,143,162,1
23,180,197,1
144,151,196,1
138,144,151,1
208,220,226,1
24,123,143,1
156,162,197,3
35,61,235,1
144,156,162,1
208,212,221,1
208,212,220,1
101,195,210,4
81,101,210,1
24,143,144,4
205,221,224,2
203,221,224,1
150,156,197,1
24,162,197,1
24,150,162,1
24,150,197,2
201,217,226,1
143,151,196,1
80,193,198,1
4,186,194,1
203,216,224,1
217,224,226,1
203,217,224,1
7,114,116,1
125,195,210,1
203,205,212,1
204,216,226,5
129,145,210,1
130,136,137,1
204,205,216,1
204,212,216,1
101,102,125,1
101,102,195,2
81,101,124,1
212,224,227,1
188,193,200,1
81,101,195,1
201,204,216,1
169,186,194,1
68,173,179,1
81,124,134,2
136,147,157,2
81,140,210,4
221,224,227,2
102,195,210,3
223,224,226,1
16,166,179,1
204,216,227,1
204,224,226,1
212,216,226,1
208,218,220,1
102,129,210,2
81,129,210,1
203,211,223,4
81,195,210,2
102,124,195,1
81,102,210,1
214,215,218,1
38,131,162,1
203,224,227,1
134,137,140,1
208,214,218,1
203,208,218,1
141,146,210,1
208,212,226,1
135,140,210,1
120,140,210,1
209,213,221,1
124,130,137,2
124,134,137,1
101,133,158,1
78,79,103,1
10,124,137,1
97,98,104,4
131,144,230,1
143,144,150,1
97,103,104,2
2,190,194,2
38,162,197,1
85,90,100,3
3,5,198,2
5,184,198,3
3,5,184,3
104,144,150,1
101,125,195,1
80,193,200,11
121,157,195,7
99,153,171,1
9,129,130,4
127,156,231,1
2,165,190,1
80,177,200,6
80,177,191,6
78,103,153,1
78,97,171,1
167,175,225,1
177,191,200,8
121,129,145,1
83,89,90,3
177,193,200,3
84,171,172,7
84,99,172,3
78,97,153,1
9,129,145,8
80,191,193,8
88,153,191,1
191,193,200,8
88,191,200,1
71,165,186,1
5,165,186,1
78,83,92,1
78,90,104,1
153,161,172,7
72,163,199,1
98,99,171,5
80,191,200,7
9,130,145,1
67,163,179,2
5,187,190,1
5,17,190,1
79,90,92,1
84,98,99,4
84,97,98,1
47,80,193,1
80,177,193,4
71,177,186,3
28,35,60,2
36,59,61,2
83,100,171,1
20,95,228,3
20,95,122,2
22,114,117,1
89,90,92,1
95,110,122,1
7,114,117,3
22,110,122,1
12,94,115,1
7,11,117,1
6,8,63,1
95,122,233,1
6,63,87,2
78,90,92,1
83,90,92,1
27,32,51,3
60,62,236,3
28,33,35,2
28,34,35,2
27,51,61,1
58,181,235,1
60,75,236,3
30,105,109,1
60,62,75,3
62,75,236,3
159,164,188,1
66,117,185,1
29,30,105,3
20,110,152,1
105,109,113,1
32,35,48,4
28,35,48,1
17,110,152,1
6,22,115,2
92,97,171,1
11,104,171,1
66,94,185,1
83,90,99,3
27,37,61,1
6,76,115,1
83,85,89,2
43,57,161,1
13,16,166,1
5,71,188,2
14,16,148,1
67,166,225,1
1,20,184,1
27,37,152,1
97,99,161,1
1,3,184,2
83,85,100,2
99,161,172,2
79,83,153,1
46,164,188,1
58,75,235,12
90,100,159,1
2,165,185,1
66,70,76,1
22,66,76,1
86,108,155,1
104,161,172,2
68,118,173,1
68,118,192,1
72,148,179,3
6,11,159,1
83,85,90,2
16,173,199,1
88,90,100,1
97,161,172,2
12,110,122,1
89,97,104,1
46,182,183,2
177,191,193,3
6,22,76,1
41,46,50,1
19,66,234,1
16,118,176,1
68,148,176,1
16,148,176,1
179,192,199,1
177,186,190,2
80,193,194,2
78,79,153,1
163,179,192,2
71,177,190,1
89,103,171,2
6,11,22,1
98,104,172,1
97,104,172,3
124,125,195,2
19,47,69,1
43,47,65,1
164,191,200,1
19,66,69,1
148,191,193,3
80,148,191,1
42,179,234,1
13,15,95,1
68,71,190,1
68,71,192,1
68,190,192,1
13,170,185,1
68,179,192,7
68,179,186,2
6,11,25,1
63,179,186,1
68,186,192,4
8,20,96,1
78,91,153,1
18,19,70,1
9,81,129,1
33,51,61,1
3,62,184,1
80,164,193,4
6,76,95,2
179,187,192,1
179,186,192,2
80,164,191,1
68,71,179,1
6,95,177,1
6,177,188,1
18,46,234,1
4,198,200,1
18,46,65,1
42,65,234,1
81,133,140,1
174,176,184,1
3,174,194,1
164,188,225,2
3,174,184,1
16,191,200,2
2,3,184,1
62,148,236,1
16,191,193,2
5,164,181,1
17,68,187,1
1,68,187,1
45,57,66,2
45,57,182,1
14,148,191,1
14,148,193,1
14,191,193,2
14,80,191,1
14,80,193,2
3,165,184,1
120,145,147,1
14,67,80,7
47,66,185,1
14,67,193,1
164,188,190,3
33,37,199,1
80,164,188,1
148,177,200,1
3,4,194,4
4,184,194,2
3,4,184,2
3,184,194,6
3,194,198,2
184,194,198,1
11,115,116,2
16,193,200,1
14,15,31,1
16,177,191,1
14,31,80,1
173,176,194,1
36,61,194,1
5,163,188,1
16,148,191,1
148,177,193,1
31,71,164,1
164,186,190,1
3,72,184,1
71,164,186,2
16,148,200,3
16,148,193,4
4,184,198,1
71,163,186,6
5,71,163,1
5,163,186,2
16,167,193,1
102,142,147,1
3,35,198,1
5,164,186,1
68,167,173,2
1,68,167,1
61,174,176,1
5,118,175,1
166,179,192,1
3,184,190,1
2,191,198,1
14,119,175,1
62,68,236,1
36,59,181,1
148,175,176,1
37,51,199,1
16,56,72,1
68,148,173,1
148,163,173,1
48,50,61,2
150,156,180,1
2,164,193,1
143,150,197,1
33,51,181,1
143,150,151,1
58,59,64,1
143,150,196,1
34,60,236,2
28,34,60,1
36,59,64,1
34,35,236,1
37,48,61,1
34,49,60,1
33,49,60,1
68,166,173,1
35,61,62,1
119,169,179,1
184,194,225,1
59,61,64,1
143,144,196,1
91,93,100,1
90,100,103,1
39,73,106,3
28,61,236,1
9,120,129,1
177,187,190,3
83,85,172,1
78,92,153,2
83,104,172,1
28,50,64,1
49,51,64,1
129,145,195,1
32,33,50,1
10,81,101,1
28,61,62,1
133,140,142,5
91,92,171,1
2,4,71,1
4,71,184,2
177,184,187,1
4,71,225,1
81,135,158,4
3,164,190,1
81,145,147,1
84,93,100,1
190,194,198,1
83,99,100,1
187,190,194,2
13,68,179,1
71,190,225,1
217,220,224,1
88,93,99,1
1,5,191,3
78,92,171,1
79,92,171,1
32,60,181,1
165,188,194,1
169,173,175,1
2,3,200,2
2,3,164,1
75,181,236,1
51,75,236,1
4,190,194,1
81,101,158,6
32,34,58,2
167,173,175,2
37,48,50,2
32,48,50,1
80,187,198,2
3,80,187,2
102,130,135,1
68,176,192,1
125,141,147,1
81,120,157,1
13,148,163,1
81,130,157,1
81,130,140,1
205,208,227,1
130,140,157,1
81,140,157,1
130,147,157,1
81,147,157,1
121,130,147,1
187,190,191,1
215,216,223,1
81,136,146,2
18,65,182,1
61,64,75,1
61,75,181,1
140,147,195,1
59,61,181,1
33,59,181,1
127,149,162,1
215,220,223,1
28,33,181,2
28,33,235,1
9,10,81,1
71,184,198,1
14,15,175,1
15,163,192,1
90,100,238,2
97,98,171,2
128,151,162,1
126,131,138,1
98,99,153,3
24,127,143,1
126,143,230,2
99,103,153,1
79,97,103,1
126,143,150,1
1,14,164,1
97,99,103,1
148,175,191,1
72,174,194,1
4,179,193,1
68,176,240,1
1,2,163,2
167,170,190,1
47,57,232,4
45,47,232,1
14,174,188,1
97,98,103,2
79,99,103,2
28,61,75,2
79,93,103,1
79,103,153,1
97,98,172,1
79,98,103,1
9,120,130,1
80,167,170,3
100,159,171,1
99,153,172,1
170,177,191,2
106,112,155,1
105,112,155,1
105,106,112,2
18,19,189,1
39,111,113,1
29,74,109,1
123,126,131,1
31,182,232,3
29,30,73,6
30,73,106,1
39,52,111,2
80,167,173,1
203,208,209,1
107,111,155,1
54,112,132,1
80,164,173,1
31,65,189,1
204,211,220,1
140,142,210,1
81,135,142,2
164,170,177,2
132,154,155,2
52,105,111,1
164,170,191,1
66,70,234,1
167,170,177,1
54,109,132,3
54,108,132,2
54,108,109,3
108,109,132,2
201,217,219,1
53,108,132,2
201,213,221,2
201,202,207,5
201,202,208,4
205,213,221,1
53,86,132,1
53,111,132,1
73,111,132,3
101,125,210,4
201,204,205,2
73,74,155,2
201,222,223,2
209,215,221,2
167,173,192,2
80,167,192,1
128,149,230,1
29,30,108,7
167,190,192,1
74,106,109,1
201,205,221,1
203,204,213,2
29,40,154,2
29,30,154,3
30,40,154,2
29,30,40,3
30,108,154,2
6,8,114,1
204,205,224,2
52,86,105,1
176,194,200,2
13,176,200,2
13,16,200,1
202,207,211,1
80,173,192,1
211,219,221,1
44,66,182,4
167,170,191,2
13,176,194,2
13,194,200,1
68,176,194,2
74,106,242,3
213,221,223,1
10,124,157,9
13,16,17,1
118,188,240,1
56,118,240,1
164,167,191,1
53,106,112,2
13,188,240,1
68,188,200,1
164,170,192,1
71,188,200,1
202,211,221,2
16,68,200,1
16,68,188,3
25,31,232,1
86,106,112,1
53,86,106,1
16,17,200,9
202,221,223,3
202,216,221,2
202,216,223,1
211,216,221,1
176,194,240,1
77,113,242,6
71,176,194,1
201,211,219,1
201,214,219,1
80,175,177,1
160,176,194,12
176,200,240,1
15,163,166,1
1,15,166,1
170,177,190,1
80,164,175,1
28,62,75,3
164,170,175,1
201,202,223,1
30,40,242,1
214,215,222,1
201,223,224,1
201,202,224,1
68,160,194,1
68,160,176,1
160,174,194,6
1,14,67,4
2,118,188,1
80,173,177,1
5,68,71,2
167,173,177,1
163,188,200,1
148,193,199,1
4,193,199,1
3,188,240,1
14,67,175,2
204,205,213,1
203,213,221,2
204,213,221,1
2,80,200,1
15,166,170,1
201,208,217,1
67,175,191,2
73,86,105,1
3,68,193,1
3,68,192,1
131,149,150,1
207,208,221,1
14,175,191,1
1,4,200,1
4,163,188,1
39,109,112,2
16,173,200,2
1,186,192,1
14,167,191,1
14,166,191,3
2,177,187,3
72,186,192,3
209,222,239,2
211,212,217,1
72,179,192,21
27,33,235,1
4,16,200,1
1,72,192,2
27,32,235,2
1,72,186,1
32,33,235,1
208,213,214,1
2,177,190,1
15,167,170,6
54,55,132,4
29,73,74,2
209,214,221,2
169,199,225,1
211,212,219,1
1,174,194,2
205,212,222,1
68,186,190,1
16,118,200,1
208,213,221,4
32,33,37,2
4,80,188,1
148,164,193,1
5,71,176,1
160,169,199,3
163,164,193,1
4,175,240,2
67,166,191,1
163,169,199,3
72,179,190,1
177,184,198,1
160,163,199,1
160,163,169,1
188,193,240,1
28,48,181,1
73,86,242,2
32,62,181,1
164,166,191,1
205,220,239,7
211,212,223,1
202,219,221,1
214,218,219,1
179,208,214,1
73,108,242,11
55,108,242,2
164,190,209,1
164,188,209,1
28,35,181,2
177,179,192,1
72,177,192,1
86,132,242,1
86,108,242,1
5,188,190,2
216,220,226,2
216,217,220,1
72,177,179,1
207,208,213,1
204,207,213,5
16,193,240,1
86,109,132,1
73,109,132,2
119,193,240,1
5,176,194,1
166,191,200,1
179,190,192,1
2,148,175,1
1,2,175,1
205,209,239,5
163,176,199,1
1,119,175,1
202,214,221,3
4,5,188,5
214,220,221,1
73,86,132,2
54,73,132,1
72,179,198,1
68,179,203,1
205,209,216,1
211,222,227,1
212,222,227,2
211,212,227,1
28,64,181,1
173,193,240,1
209,220,239,4
14,67,200,6
191,212,222,1
5,166,174,1
4,186,188,4
219,223,224,1
4,164,186,1
4,164,188,2
202,216,218,1
4,5,186,1
5,186,188,1
71,186,188,1
68,72,177,1
214,216,217,1
25,31,45,2
174,190,194,1
54,73,107,1
10,124,195,1
14,15,67,2
177,204,218,1
177,204,207,1
177,207,218,1
204,207,218,2
4,5,71,4
2,80,193,1
204,208,218,2
207,208,218,1
74,107,112,2
73,74,112,2
73,74,107,4
73,107,112,3
73,74,106,1
3,204,208,1
119,177,193,1
206,212,222,3
4,71,186,1
13,119,193,1
14,166,200,1
67,166,200,1
14,67,166,1
218,221,223,2
202,218,221,1
218,221,224,1
119,176,199,1
13,176,199,1
74,108,112,2
202,218,223,1
72,173,179,1
205,207,208,2
207,208,224,1
204,213,224,1
5,71,200,1
28,34,236,4
55,73,107,1
34,181,236,1
169,176,199,6
148,175,179,2
28,181,236,2
204,215,223,1
44,66,70,1
216,219,239,4
44,70,234,2
118,166,174,1
14,72,192,1
30,109,242,1
13,68,170,2
204,207,215,2
13,119,170,3
173,175,179,1
68,119,170,1
205,221,223,2
148,173,175,2
209,216,219,1
221,223,224,1
205,223,224,1
206,211,212,1
208,221,223,1
148,173,179,1
205,207,224,6
68,148,179,1
204,215,224,1
29,107,242,8
34,36,181,2
204,205,207,3
204,207,224,1
80,191,225,1
28,48,51,1
137,147,158,1
137,145,158,1
184,193,200,1
209,219,239,2
209,216,239,2
52,73,108,2
28,35,37,2
28,35,50,1
216,221,239,1
211,219,222,1
80,190,193,1
204,207,223,1
205,207,223,1
207,223,224,1
203,223,224,1
184,198,240,1
3,184,240,2
206,221,222,1
32,34,51,1
221,222,229,2
221,222,227,1
211,219,239,1
211,216,239,1
212,221,222,1
36,64,75,1
36,62,64,1
34,48,60,1
221,222,224,1
33,35,50,1
32,34,61,1
34,60,61,2
123,131,150,1
30,112,242,1
3,15,174,1
121,145,158,1
123,131,143,2
34,48,61,2
30,73,108,1
32,62,75,2
32,51,75,2
101,102,210,1
10,130,136,1
51,62,75,1
32,51,62,1
131,143,230,1
207,222,224,1
207,212,222,3
143,180,230,1
51,60,61,3
126,131,143,1
126,131,230,1
163,169,179,2
101,136,137,2
209,214,226,1
211,223,229,2
145,146,157,1
203,216,221,1
177,184,188,2
202,206,218,1
102,124,130,4
40,55,154,1
9,133,147,1
9,133,142,2
133,142,147,2
9,142,147,2
5,188,225,1
3,184,191,1
52,73,242,1
121,124,140,2
102,130,210,6
10,157,158,17
52,105,242,1
105,108,242,2
48,51,236,1
13,163,175,1
102,120,124,1
102,124,140,1
5,191,194,1
27,28,37,6
10,133,142,1
53,74,109,2
48,62,236,2
101,125,137,2
4,71,188,1
4,188,225,1
34,36,48,1
36,48,62,2
120,124,140,1
125,136,210,3
125,137,210,1
36,48,236,1
36,62,236,1
32,61,64,1
4,188,190,1
32,51,61,3
9,147,195,1
48,62,75,2
11,12,152,2
211,215,239,1
55,74,109,1
209,214,224,1
123,138,139,1
34,51,236,1
123,138,162,1
23,162,197,1
9,141,195,2
123,143,180,1
143,180,197,1
123,143,197,1
24,126,131,1
23,139,151,1
126,128,230,1
131,143,150,1
128,144,230,2
29,55,86,1
52,77,113,1
81,141,147,1
23,128,230,1
38,143,231,1
124,130,210,1
40,108,109,2
39,40,109,1
39,40,108,1
39,108,109,1
40,55,109,1
40,55,108,1
55,108,109,1
74,86,155,2
73,86,155,1
29,30,107,1
52,53,54,1
121,124,137,3
120,124,137,15
50,59,154,1
27,50,58,1
143,150,230,1
9,101,141,1
10,102,158,1
113,132,154,4
39,40,74,4
10,55,157,1
81,105,131,2
29,30,120,1
135,145,146,2
101,135,145,1
101,136,195,1
29,30,121,1
50,58,59,1
50,58,235,2
50,59,235,1
58,59,235,2
123,144,230,3
30,120,121,1
135,140,145,1
101,141,195,2
113,154,242,2
30,120,124,1
142,144,230,1
10,54,158,1
52,86,108,1
53,86,108,1
10,54,157,2
9,136,145,1
9,136,141,1
28,58,235,1
9,141,146,2
28,37,235,1
12,21,152,1
132,154,242,2
9,136,140,1
113,132,155,1
113,154,155,1
53,86,109,3
9,140,141,3
113,132,242,1
55,154,242,1
55,155,242,5
33,37,235,5
120,135,137,9
9,126,146,1
101,195,231,1
141,195,231,1
101,141,231,1
120,124,135,8
124,135,137,6
101,105,131,1
52,53,109,1
81,101,105,1
154,156,231,2
10,136,158,3
29,30,125,2
28,50,59,4
24,150,157,1
52,74,86,5
144,155,180,1
52,74,108,2
151,155,230,1
27,50,59,1
134,147,162,1
144,180,242,1
123,144,242,1
123,230,242,1
136,157,158,11
37,58,235,1
27,35,50,1
126,180,242,1
52,74,112,1
52,86,112,2
121,124,135,2
121,135,144,1
120,135,144,1
120,121,144,1
74,86,112,1
9,145,195,3
140,141,145,9
10,158,210,5
136,158,210,1
157,158,210,2
9,124,135,1
9,120,124,2
9,120,135,1
3,5,194,1
102,130,142,1
74,112,154,3
5,184,194,2
138,162,180,1
47,57,65,1
53,109,154,1
24,126,180,1
46,57,183,1
57,66,70,1
19,31,189,1
134,136,142,2
19,25,31,1
25,31,57,1
19,25,57,1
19,31,57,1
74,108,154,1
125,134,142,1
59,75,235,23
54,73,111,1
54,73,242,15
73,111,242,4
54,111,242,4
16,148,166,2
74,109,154,1
68,163,166,1
127,150,151,1
127,151,231,1
54,132,242,1
131,149,230,1
54,111,132,2
24,144,180,1
18,65,234,5
52,53,154,1
19,182,183,1
31,74,109,1
31,109,232,1
47,65,234,2
128,150,156,1
106,109,112,1
9,121,124,1
39,54,242,1
10,130,195,1
102,130,195,1
130,141,195,1
54,55,242,2
10,130,157,1
141,157,195,1
32,48,51,1
133,141,142,2
102,141,142,5
202,209,213,1
201,211,217,2
27,28,33,2
39,154,242,1
39,109,242,1
29,52,155,1
216,222,223,2
73,105,132,3
33,35,181,1
105,111,132,1
134,136,146,5
18,185,234,5
66,185,234,1
18,66,234,1
18,66,185,1
18,45,185,1
102,137,142,2
5,177,194,1
86,106,108,1
27,34,50,2
5,177,184,2
27,34,60,1
39,40,242,1
20,22,110,2
12,94,237,1
21,115,116,1
7,114,152,1
6,87,94,1
40,112,242,1
6,12,233,1
39,112,242,2
7,63,114,1
74,106,154,2
98,171,172,6
201,204,221,1
95,114,237,2
74,86,106,1
7,21,117,1
55,111,132,2
201,209,221,1
43,44,182,1
86,106,154,1
86,106,107,1
11,22,114,1
22,76,114,2
112,155,242,2
8,12,228,1
126,143,231,1
6,76,237,2
39,74,155,1
55,86,108,1
30,73,154,1
29,73,154,1
29,30,52,1
86,108,112,1
73,132,154,1
11,22,237,2
39,74,105,1
39,74,242,1
55,108,112,1
29,73,132,1
21,110,116,1
6,11,237,2
120,136,146,1
97,159,161,1
40,106,242,1
83,98,153,1
11,76,237,1
76,114,237,3
6,114,237,1
214,223,224,1
110,152,228,1
12,110,228,1
12,21,228,2
8,110,152,1
86,105,109,1
84,99,103,1
5,177,191,1
207,213,221,1
90,104,172,1
52,154,155,1
201,217,221,2
79,85,90,1
126,131,144,1
201,209,223,1
117,153,159,1
94,117,153,1
83,89,104,1
86,107,112,1
92,100,172,1
76,95,237,3
94,153,159,1
89,99,104,1
19,41,46,1
22,95,237,2
22,76,237,1
6,95,237,2
6,22,237,1
6,22,95,2
86,112,132,1
92,100,103,1
201,222,239,1
90,97,98,1
19,57,65,1
19,44,65,1
107,112,132,1
6,117,161,1
29,113,154,1
52,112,132,1
29,74,132,1
29,112,132,1
29,52,132,1
84,104,172,1
84,97,104,1
105,111,155,1
6,95,114,2
20,78,87,1
25,31,42,1
29,54,242,2
221,222,223,1
85,89,99,1
85,89,171,1
107,111,154,1
29,52,242,3
1,177,194,5
1,190,194,12
54,86,242,1
54,73,86,1
205,213,223,1
1,177,190,4
78,85,100,1
85,97,100,1
29,54,106,1
97,100,238,1
204,208,224,1
85,100,238,1
29,73,106,1
201,219,223,2
73,106,242,4
8,76,228,4
82,98,99,1
84,91,159,1
186,187,190,2
63,110,152,1
22,117,237,1
73,74,108,1
95,115,116,2
52,106,242,1
177,191,194,2
177,190,194,2
100,171,172,1
29,52,106,1
20,94,95,1
22,63,228,1
201,209,220,2
201,219,220,1
7,12,114,1
74,108,109,2
21,115,117,1
22,63,152,1
22,76,152,1
99,171,172,1
97,99,171,1
73,105,112,2
216,220,222,1
29,73,105,2
85,100,103,1
97,171,172,1
202,206,217,1
208,214,216,2
84,159,171,3
85,90,92,1
159,171,172,1
91,159,172,1
91,104,172,1
205,215,239,1
202,205,215,1
30,105,113,2
77,105,113,1
105,113,242,1
204,213,226,2
204,213,229,1
213,226,229,1
204,226,229,1
202,215,222,4
208,224,239,1
214,216,218,1
214,218,221,4
205,209,221,1
206,212,226,5
212,220,226,3
204,213,220,1
204,220,226,1
208,209,224,1
205,209,224,1
201,218,221,1
83,90,238,1
79,89,92,2
118,166,170,2
218,219,221,1
216,218,221,1
216,219,221,1
90,153,238,1
208,216,224,1
214,217,218,1
100,153,238,1
118,173,174,1
82,99,104,2
100,171,238,1
79,89,91,1
211,215,223,2
82,98,171,1
209,216,218,1
204,213,223,2
206,222,229,1
16,148,174,1
209,216,221,1
209,214,216,1
206,226,229,1
203,211,222,1
212,219,220,1
204,211,223,1
148,163,174,1
201,202,215,1
202,211,223,1
208,216,217,1
208,217,224,1
203,207,220,1
15,166,176,1
166,176,199,1
203,220,226,1
204,206,213,1
204,206,222,1
81,125,142,1
211,220,226,2
220,223,226,3
211,223,226,2
202,212,215,1
207,213,226,1
202,203,220,1
204,207,226,1
202,212,222,1
32,33,181,1
74,109,155,1
105,109,155,1
64,181,235,2
27,35,48,1
29,74,105,1
35,48,61,4
61,64,181,2
48,61,181,2
48,64,181,1
48,61,64,4
35,61,181,1
25,45,57,1
35,48,181,1
35,181,236,1
35,48,236,1
48,181,236,1
108,112,155,1
108,112,242,1
108,155,242,1
29,112,242,3
34,36,58,2
29,108,242,1
27,75,181,1
27,51,181,1
53,106,242,1
35,62,181,1
35,48,58,2
107,112,113,5
106,107,112,2
107,112,242,1
105,107,112,1
73,107,113,1
14,15,72,1
72,169,170,1
29,39,106,1
29,39,242,3
29,105,242,2
30,74,154,1
166,170,199,1
166,169,170,3
134,137,145,1
55,154,155,2
106,111,112,1
166,169,199,1
55,86,154,1
105,106,111,1
135,145,158,1
169,170,199,1
118,166,173,1
202,205,213,1
201,208,222,1
21,116,152,1
148,160,166,1
39,73,86,1
39,40,73,1
30,52,132,1
85,90,172,1
135,136,157,1
160,163,166,1
160,166,199,1
29,30,86,9
78,98,153,1
30,86,121,1
81,125,147,1
101,125,147,1
120,137,146,3
29,30,132,4
40,121,147,1
10,134,157,1
91,98,104,2
85,91,98,1
9,136,142,1
9,137,142,1
120,133,140,1
1,177,191,1
1,3,191,1
3,5,191,2
10,101,147,3
29,55,111,1
29,30,111,1
91,153,171,1
82,153,171,1
3,177,184,1
136,157,210,5
14,67,199,1
3,177,194,1
81,121,133,1
81,120,121,1
3,177,191,1
79,85,159,1
50,61,236,1
6,76,233,1
153,171,172,4
9,81,121,1
101,137,157,1
9,121,142,1
9,81,142,2
4,186,200,1
186,190,200,1
10,102,134,2
131,139,151,1
84,153,171,6
10,102,147,1
102,134,147,2
9,142,158,1
131,196,230,2
201,207,224,1
207,218,224,1
55,108,132,1
38,128,143,1
38,139,143,1
36,75,235,23
120,142,146,1
205,214,217,4
211,214,217,1
30,39,86,2
79,92,103,1
54,55,73,3
29,30,39,1
66,70,185,1
18,182,234,1
85,89,92,2
201,211,223,1
43,57,234,1
18,43,234,1
18,43,57,1
18,57,234,1
43,57,182,1
26,44,183,1
84,98,172,9
211,222,229,1
222,223,229,1
148,173,199,1
101,157,210,5
23,123,144,1
121,133,140,1
16,68,170,1
16,68,179,1
68,170,179,1
24,138,150,1
184,198,225,1
48,61,79,1
67,72,148,1
170,173,179,1
170,179,192,1
16,173,179,1
9,120,121,2
50,149,171,1
23,149,171,1
173,199,236,3
54,108,223,1
111,167,170,1
29,30,209,13
33,49,92,1
166,174,177,1
45,101,157,2
9,101,157,1
32,61,85,6
98,153,172,89
48,79,103,1
177,223,231,2
40,214,217,2
153,172,179,1
127,146,200,1
50,54,84,1
33,92,133,1
84,125,171,6
29,133,232,1
119,200,223,1
200,223,231,2
127,223,231,2
35,79,103,5
50,171,186,1
50,84,186,1
16,179,192,6
16,72,179,11
158,184,198,5
55,211,222,1
54,211,222,1
36,59,235,9
47,98,172,1
24,31,144,1
101,173,199,1
10,101,199,2
95,114,156,3
95,114,233,1
200,223,234,1
223,231,234,1
127,231,234,1
119,121,224,1
126,149,161,2
1,72,179,6
8,68,184,1
18,68,184,1
126,150,161,1
126,149,150,2
50,223,234,1
55,108,177,2
55,177,211,2
55,108,211,1
108,177,211,1
63,76,236,1
76,198,236,1
25,120,171,1
50,98,172,3
50,84,172,3
50,84,98,2
50,153,172,1
54,177,222,1
120,140,231,1
48,61,89,2
61,82,89,1
48,85,89,2
33,61,82,1
101,133,223,1
10,101,133,1
136,208,218,1
73,111,144,1
63,76,114,1
54,108,211,1
86,150,231,1
173,199,223,1
76,95,156,4
119,179,192,1
68,119,192,1
24,78,138,2
171,172,221,1
84,98,153,5
89,101,157,1
23,167,170,1
117,161,231,1
117,150,231,1
150,161,231,1
76,102,236,1
17,67,200,1
1,67,200,2
1,17,200,3
1,17,67,2
125,140,224,1
50,84,153,1
76,95,210,1
85,127,231,1
8,78,223,1
78,138,223,1
79,84,92,1
170,177,222,1
108,207,227,1
78,87,138,1
54,108,227,1
8,17,223,1
1,8,17,1
1,17,223,1
1,8,223,1
16,86,140,1
68,111,173,2
80,173,229,1
111,173,229,1
80,111,173,2
80,111,229,1
9,31,140,1
33,92,171,1
68,80,173,2
68,80,111,1
10,158,223,1
148,179,192,1
1,10,158,1
32,48,85,3
55,80,211,1
84,117,161,1
84,117,150,1
84,150,161,1
1,10,101,2
63,98,153,1
1,157,158,1
55,211,223,4
55,111,223,1
80,177,199,1
80,211,223,1
1,10,157,1
1,101,157,1
1,158,198,1
80,173,223,1
76,114,156,1
179,192,205,3
76,114,153,2
80,173,199,6
10,101,177,3
48,61,144,1
112,121,217,1
17,67,119,1
120,140,156,5
39,40,54,1
39,40,205,3
30,121,214,1
68,173,199,1
55,67,223,1
111,222,223,1
111,211,229,1
23,78,138,1
10,101,174,1
59,171,235,1
59,84,235,1
84,171,235,2
86,209,217,1
16,72,192,3
80,163,222,1
55,111,211,4
32,98,236,1
1,184,198,3
163,186,198,1
117,156,161,2
117,150,156,2
150,156,161,4
32,61,236,1
86,217,234,6
23,84,153,1
67,148,200,1
61,85,144,1
29,208,218,10
31,208,218,5
18,217,234,1
10,101,171,2
54,68,200,1
29,31,209,7
31,209,218,2
111,166,184,1
10,84,101,1
10,84,171,1
84,101,171,1
50,101,171,1
73,108,170,12
40,192,205,1
10,50,171,1
119,163,177,1
40,67,148,5
67,148,205,5
40,148,205,14
40,67,205,2
39,67,148,3
39,40,148,5
39,40,67,3
199,207,224,6
45,173,184,4
102,140,210,3
29,209,218,6
31,132,218,6
45,54,222,43
45,54,184,21
17,199,200,7
1,111,211,12
16,72,205,7
149,157,158,2
1,111,179,2
25,163,199,1
25,80,111,1
29,132,218,11
89,102,210,2
50,150,171,1
1,111,227,3
1,211,227,5
102,144,210,1
132,208,218,28
98,153,231,1
39,67,177,3
101,126,158,1
24,87,180,1
67,148,177,5
132,209,218,9
1,211,221,8
68,174,223,2
48,61,236,1
73,170,214,25
112,217,234,5
54,198,222,17
16,148,205,4
8,23,87,5
111,211,221,7
54,184,198,9
23,24,87,1
10,50,158,1
10,82,158,1
8,23,24,2
49,84,171,1
108,170,214,9
29,132,209,22
54,173,222,7
45,54,173,20
45,173,222,6
33,84,92,1
33,50,84,2
85,89,236,1
10,33,158,1
8,24,180,5
50,101,158,1
119,199,224,3
163,199,224,1
67,179,205,1
153,157,172,1
221,227,229,1
148,179,205,11
119,207,224,3
31,132,209,3
127,157,231,1
79,85,89,4
157,158,231,1
29,132,208,23
30,86,217,33
32,48,79,1
73,108,214,29
29,31,218,2
40,179,205,7
98,126,172,1
49,50,171,1
98,126,180,1
211,221,227,9
98,153,180,1
9,79,89,1
132,208,209,7
72,179,205,10
166,200,223,4
95,123,158,1
25,80,163,1
208,209,218,3
63,95,123,1
33,84,171,2
102,125,231,3
1,221,227,13
29,31,208,6
31,132,208,10
86,112,234,1
30,86,112,13
24,125,138,2
50,61,84,1
25,163,224,2
1,111,221,13
86,112,217,19
173,198,222,2
45,173,198,1
98,117,153,1
29,208,209,13
23,149,150,2
30,112,217,20
79,89,144,1
8,24,125,1
18,86,234,1
87,102,125,2
8,24,138,11
61,79,236,1
1,221,229,1
89,126,144,1
85,89,126,1
85,89,144,2
85,126,144,1
125,127,231,1
84,98,171,5
10,101,210,5
10,101,136,3
101,136,157,3
8,150,156,1
84,153,172,1
24,138,149,1
61,79,89,3
61,85,89,4
61,89,92,1
61,85,92,1
157,158,236,1
10,157,236,1
45,54,198,8
29,86,217,1
29,112,217,3
10,103,157,1
29,112,209,1
111,221,227,6
54,184,222,12
45,184,222,6
40,148,179,6
50,82,150,1
144,149,150,3
24,149,150,1
16,179,205,12
184,198,222,4
102,149,150,1
32,79,85,1
82,136,157,1
111,211,227,2
87,144,149,1
31,208,209,1
8,61,180,1
24,61,180,1
8,24,61,1
102,153,172,1
102,172,231,1
61,79,85,1
79,85,236,1
32,85,236,2
92,149,150,5
18,112,217,3
92,144,149,2
92,144,150,1
8,87,102,1
33,50,92,1
87,102,231,1
23,136,157,2
9,34,35,2
119,163,224,1
8,102,172,1
95,117,161,1
95,117,149,1
68,200,223,3
8,102,231,1
23,33,50,1
23,158,180,2
10,158,180,2
95,102,114,1
127,140,146,1
98,120,171,1
98,120,153,1
73,108,217,1
10,23,180,1
10,23,158,2
30,73,214,1
98,153,171,1
24,136,157,3
32,61,144,11
61,79,144,1
8,78,180,1
78,138,180,2
84,120,171,9
18,86,217,5
84,120,140,1
84,140,171,1
8,23,157,1
32,61,89,3
73,182,214,4
34,35,103,2
10,23,101,2
23,101,102,1
33,82,84,2
34,35,133,1
108,214,217,1
25,167,223,1
63,95,156,4
63,76,95,2
61,120,140,1
16,72,148,1
72,148,205,3
81,102,140,1
102,140,158,1
81,102,158,1
81,140,158,1
23,63,156,5
89,157,236,1
85,136,157,1
35,89,133,1
61,89,133,1
85,89,133,2
16,40,205,1
148,177,205,2
9,61,133,1
61,85,133,1
35,61,85,1
79,125,144,1
23,87,125,1
8,23,125,1
8,87,125,1
140,146,156,1
10,144,158,1
18,30,217,1
17,174,200,2
68,174,200,1
17,68,200,1
17,68,174,1
10,24,144,1
9,35,210,1
24,101,144,1
10,101,144,1
138,153,172,3
25,111,223,1
78,153,172,1
35,101,133,1
9,35,101,1
123,149,180,3
31,214,217,1
9,35,133,3
33,82,171,1
73,108,182,1
138,144,172,1
24,144,172,1
98,138,153,2
59,75,171,1
80,111,223,1
30,86,234,1
30,217,234,4
98,138,172,1
16,148,179,4
75,120,171,1
10,158,231,2
29,31,132,8
17,166,200,2
8,78,144,2
8,24,87,2
73,170,182,1
78,87,144,1
8,87,144,1
8,33,144,1
17,200,223,9
50,92,171,5
23,123,126,1
78,82,138,1
126,149,180,1
125,147,171,1
84,147,171,2
36,75,161,1
36,75,150,1
17,199,224,1
72,192,205,1
16,192,205,2
173,184,198,2
174,211,223,1
84,120,125,1
119,199,207,1
45,198,222,1
108,170,182,1
25,199,224,1
45,184,198,2
10,150,210,1
10,101,150,1
54,173,198,1
24,138,153,2
87,144,231,2
8,24,78,1
120,146,147,1
68,111,200,1
163,199,207,1
84,92,209,1
50,171,182,1
102,125,150,1
95,182,209,1
95,156,217,1
17,166,223,1
17,174,223,1
23,50,92,1
23,92,171,1
23,84,92,1
23,50,171,1
50,84,92,5
29,86,170,1
18,29,170,1
18,86,170,1
18,29,86,1
23,95,156,4
23,50,156,2
112,214,217,4
48,89,158,3
18,167,234,1
17,200,222,1
82,103,133,1
85,89,158,1
48,85,158,1
61,89,158,1
48,61,158,1
54,108,208,1
98,133,153,1
163,184,198,5
16,17,199,2
132,208,211,3
68,80,223,1
68,80,184,1
68,184,223,1
80,184,223,1
8,87,231,1
80,199,200,1
8,18,234,4
158,198,199,1
17,87,231,1
24,87,138,1
157,207,224,3
24,78,180,1
123,126,180,1
108,177,229,1
54,199,222,1
32,33,61,1
33,48,61,1
63,140,146,1
108,177,199,1
80,108,199,1
78,123,180,2
35,103,133,2
35,49,103,1
75,117,125,1
10,67,101,1
158,182,184,1
42,80,173,2
78,123,138,1
102,117,161,1
54,157,224,1
73,87,221,1
67,101,210,1
89,98,153,1
149,179,223,1
86,210,222,1
132,208,223,3
208,223,224,1
54,86,222,1
8,184,198,1
80,86,222,1
102,120,146,1
16,17,67,1
102,120,140,1
33,48,59,1
63,138,172,1
24,63,138,1
18,184,192,1
72,179,184,2
179,184,192,1
72,184,192,2
127,144,149,1
16,17,234,2
34,63,172,1
208,211,218,2
214,217,224,2
35,79,85,1
132,211,223,1
163,166,174,5
163,166,177,1
132,211,218,1
148,207,217,1
18,148,207,1
8,138,153,1
112,214,224,1
18,148,217,1
33,34,171,1
73,221,224,1
23,85,102,1
173,208,218,1
67,132,148,1
18,132,148,1
157,210,231,1
25,186,198,2
45,144,149,1
86,199,222,1
125,140,147,51
25,31,186,1
8,10,138,2
80,86,199,1
18,148,234,1
125,146,147,10
23,102,127,1
140,150,158,6
119,170,174,4
16,17,223,5
125,147,158,43
125,140,158,34
140,147,158,30
73,221,234,1
98,180,231,1
48,98,180,2
72,148,184,1
126,149,210,2
120,136,157,43
119,163,170,1
18,72,184,1
10,24,87,12
148,186,234,1
23,63,95,2
54,112,163,1
112,208,214,1
112,208,217,2
208,214,217,1
75,101,172,1
32,61,149,2
48,98,153,1
163,184,186,2
119,166,170,2
61,144,210,14
16,17,31,1
132,208,217,1
45,55,148,1
45,55,111,1
16,200,223,2
80,163,184,1
63,76,156,1
111,148,207,1
45,111,207,1
86,211,221,1
73,211,221,1
31,55,222,1
16,17,148,7
16,45,148,2
17,45,148,2
16,17,45,4
126,144,210,9
42,163,184,2
111,207,221,1
31,54,227,1
32,144,210,6
33,34,89,2
207,223,234,2
140,146,147,4
17,148,200,1
32,61,210,8
144,149,210,10
18,173,199,1
18,173,186,2
18,80,173,1
18,42,184,1
80,173,186,1
16,67,179,1
30,205,209,1
132,148,217,1
17,86,200,1
73,86,200,1
17,73,200,1
17,73,86,1
42,80,199,1
45,111,223,3
78,98,180,1
16,86,200,1
16,17,73,3
16,73,86,1
16,17,25,1
61,126,144,10
45,211,223,3
166,221,224,1
150,158,161,10
108,177,186,1
120,157,171,1
18,108,177,1
72,192,234,1
45,207,211,2
18,186,199,1
111,207,211,1
108,173,177,1
18,184,186,1
42,163,186,1
163,186,199,3
140,146,158,4
170,221,227,1
163,173,199,2
61,120,126,1
10,87,123,1
29,148,209,1
16,45,73,1
148,166,174,1
31,42,241,1
16,45,234,1
67,211,223,1
18,163,199,1
40,208,217,1
205,208,217,2
40,205,217,2
30,205,208,1
18,163,186,2
125,150,158,3
125,140,150,1
54,222,224,2
40,132,208,2
132,205,208,3
40,132,205,2
73,221,227,9
32,149,210,1
16,17,72,4
16,192,200,2
86,177,199,1
205,214,218,1
48,78,180,1
78,180,231,1
1,16,17,3
48,180,231,3
10,24,138,5
61,126,210,5
125,146,158,2
17,40,179,1
61,149,210,3
163,173,186,3
1,163,173,1
17,179,192,2
18,67,148,7
55,211,224,1
211,223,227,1
1,163,186,8
54,73,224,2
173,199,211,1
166,174,200,1
55,211,221,2
55,221,227,1
55,211,227,1
54,222,223,1
173,223,224,1
199,223,224,1
16,17,55,1
16,55,111,1
17,55,111,1
16,17,111,2
173,186,199,1
16,17,205,1
42,54,224,1
16,17,192,4
80,119,166,1
55,111,112,1
16,17,211,2
173,199,200,12
166,173,199,3
163,174,186,3
166,173,200,2
166,199,200,1
111,112,217,1
8,10,87,1
108,148,177,2
167,173,200,1
80,222,224,1
55,111,205,1
55,111,217,1
173,174,200,2
166,173,174,1
16,205,217,1
16,111,205,1
16,111,217,1
111,205,217,1
8,10,24,1
29,163,186,2
173,200,222,1
32,126,144,2
132,205,217,1
132,217,223,1
163,186,200,2
32,126,210,1
32,61,126,1
163,177,186,1
39,184,234,1
39,179,207,1
55,214,218,1
54,111,205,1
67,86,177,1
125,150,161,1
125,158,161,2
166,174,199,1
125,147,161,1
119,166,173,1
80,111,222,1
80,166,173,1
50,120,157,1
48,153,180,2
50,136,157,1
61,136,157,1
166,174,186,1
163,166,186,1
119,163,186,1
112,132,208,1
112,205,208,1
112,132,205,1
119,166,200,1
50,136,171,1
136,157,171,2
1,86,177,2
42,86,177,1
102,150,161,2
61,120,144,1
16,17,177,1
184,207,214,1
73,224,234,1
72,108,177,1
1,67,148,3
40,214,218,1
120,144,210,9
132,184,198,1
1,166,199,1
1,16,148,3
73,222,224,1
1,17,148,2
108,132,208,1
108,132,177,1
50,84,136,1
18,19,185,1
25,30,209,1
119,199,200,1
17,148,179,2
16,17,179,5
84,136,157,1
29,112,205,1
59,75,101,3
163,186,234,4
112,205,209,1
16,179,200,1
39,148,205,1
144,210,236,1
54,167,170,1
55,80,222,1
80,221,222,1
54,86,241,1
39,205,223,1
17,72,179,1
16,72,199,1
17,72,199,1
111,148,223,1
111,205,223,1
29,43,209,1
59,101,172,2
1,132,166,1
111,205,222,2
29,207,209,2
40,112,214,2
67,183,234,1
8,24,123,1
132,208,222,4
24,87,123,1
144,156,210,1
18,19,69,1
36,172,235,1
57,182,241,1
8,72,179,1
8,16,179,1
8,132,208,1
66,132,224,1
8,80,227,2
132,208,224,1
136,144,157,1
25,101,184,1
80,221,227,1
8,80,221,1
8,221,227,1
10,70,241,1
66,70,241,1
167,170,225,2
25,132,208,2
16,66,177,1
16,66,70,1
10,16,70,1
10,16,177,1
25,157,208,1
8,78,221,3
34,123,133,1
34,82,133,1
82,123,133,1
34,82,123,1
72,166,179,2
76,140,146,1
32,48,144,1
1,166,179,2
1,72,166,1
10,66,70,2
163,173,200,1
163,199,200,1
33,89,123,1
8,32,35,1
24,95,138,1
41,57,101,1
41,101,183,1
47,150,161,1
111,222,229,1
111,112,222,1
40,54,73,1
33,35,61,1
1,17,198,1
65,66,70,2
76,95,189,1
40,54,86,1
55,73,105,1
40,54,108,1
43,47,232,1
35,36,75,1
54,105,108,3
55,73,132,3
29,86,105,2
34,59,60,2
86,111,132,2
34,60,235,2
102,157,210,1
133,136,147,1
29,105,112,2
29,30,112,1
34,59,235,1
47,232,234,1
47,57,234,1
57,232,234,1
23,62,75,1
89,92,153,1
31,70,241,1
43,47,234,2
10,101,102,1
32,35,37,2
34,58,235,1
144,149,156,1
16,148,170,1
25,45,66,1
31,43,234,1
23,156,233,1
63,76,87,1
58,60,235,2
33,37,51,1
50,62,75,1
27,33,51,2
133,140,146,1
36,59,236,1
120,140,146,1
27,33,64,1
124,140,146,1
140,142,146,1
81,140,146,1
10,146,158,1
50,64,181,1
57,65,232,1
32,35,61,1
27,28,51,1
32,36,75,1
201,216,223,1
4,17,240,1
4,17,184,2
85,92,100,1
19,66,70,1
19,45,66,1
19,45,70,1
8,76,233,1
19,41,66,1
41,57,66,1
4,188,191,3
186,188,191,2
17,184,188,1
17,164,184,2
17,164,191,3
17,191,240,4
164,191,240,2
17,164,240,2
187,188,190,7
73,86,113,1
80,188,190,1
17,80,190,3
17,187,190,4
3,80,190,2
3,17,80,1
3,17,190,3
3,17,193,1
136,145,146,1
3,17,191,1
17,190,191,1
17,190,193,1
17,191,193,2
188,191,193,1
17,188,191,1
17,188,193,1
80,188,191,1
35,48,75,3
81,147,158,1
1,5,194,4
13,16,163,1
44,65,66,3
54,108,111,1
1,5,177,1
80,190,240,1
5,190,240,5
5,190,193,1
190,193,240,2
5,193,240,1
101,124,157,3
17,187,198,1
5,190,194,1
17,71,187,1
134,140,146,2
101,102,142,1
101,141,142,2
5,186,191,1
124,140,141,1
73,86,111,1
10,120,134,1
71,188,194,1
3,4,188,1
3,188,194,2
3,190,191,1
169,170,174,2
71,186,191,1
72,166,169,2
16,67,118,1
67,118,119,1
119,148,179,1
148,169,179,1
16,163,176,1
175,176,192,2
10,135,158,2
3,4,186,1
101,133,142,3
54,55,154,1
53,112,132,1
187,193,198,1
118,166,169,1
73,77,105,1
119,169,175,1
4,184,188,2
184,188,194,1
3,5,240,2
14,72,169,1
14,169,173,1
72,175,176,1
105,216,223,1
72,166,170,1
124,129,136,1
14,15,192,1
5,164,193,1
15,170,174,1
15,169,174,1
15,169,170,1
80,177,187,3
4,17,193,1
1,164,191,1
29,53,108,1
29,105,108,1
4,17,190,1
17,164,190,1
163,173,192,1
14,163,192,1
4,17,187,1
1,71,193,5
4,17,80,1
29,86,108,3
29,73,86,2
29,73,108,2
173,176,192,1
71,187,193,3
1,71,187,1
29,86,242,1
71,193,198,1
71,187,198,3
101,125,140,1
124,141,157,1
134,145,157,1
134,145,147,1
14,118,173,1
1,71,198,2
10,124,134,1
14,15,173,2
15,118,173,1
67,72,163,1
84,98,104,1
98,104,171,1
89,92,238,1
90,92,100,1
80,198,240,1
184,187,193,1
15,169,179,1
14,169,179,2
14,15,179,1
78,82,99,1
169,175,179,2
92,100,171,1
43,47,69,1
85,100,104,1
99,104,238,1
118,166,176,1
118,176,192,1
5,80,240,4
1,80,240,2
1,5,240,2
5,80,164,1
80,164,240,1
5,164,240,2
1,5,80,1
184,193,194,1
4,5,164,7
92,98,104,1
89,168,171,1
71,80,187,1
84,168,171,1
91,159,171,1
34,35,58,1
91,104,159,1
90,92,238,1
3,71,80,1
91,159,161,2
4,5,187,1
159,161,171,1
84,85,97,1
98,99,172,1
84,99,100,1
84,91,100,1
5,191,193,2
102,133,137,1
80,184,193,1
104,159,171,1
84,104,159,2
84,85,159,1
84,85,104,1
177,186,193,3
186,193,198,2
4,164,240,1
163,167,170,1
3,184,187,1
164,194,200,1
105,108,109,1
5,190,191,2
41,57,232,1
3,186,193,1
84,103,238,1
3,177,186,1
90,104,238,1
16,118,175,2
18,45,232,1
16,118,199,1
14,16,118,1
18,25,183,1
18,42,183,1
71,184,186,2
1,71,184,1
35,61,64,1
14,67,118,2
14,16,67,1
67,163,192,1
105,112,242,1
13,119,167,3
15,119,170,3
15,119,167,8
18,66,199,1
4,177,190,1
71,164,191,2
56,118,173,1
18,47,65,1
18,72,179,1
5,71,184,2
119,167,199,1
18,47,183,1
19,72,179,1
160,163,176,1
5,184,193,1
32,37,50,2
25,31,183,1
65,66,163,1
164,188,193,1
163,174,176,5
173,199,232,1
118,173,199,2
41,46,65,1
174,176,199,1
14,18,67,1
29,52,113,1
36,58,62,1
58,62,235,2
13,14,119,1
14,67,119,1
67,119,167,1
27,49,64,1
27,28,49,1
50,51,61,1
130,145,146,1
34,48,51,1
29,55,105,1
16,66,199,1
16,66,118,1
173,174,176,1
124,125,134,5
141,142,147,5
130,137,146,1
120,130,145,1
120,137,145,1
120,130,137,8
130,137,145,1
136,141,147,1
136,141,142,1
14,160,163,1
18,69,182,1
13,15,167,4
54,55,105,1
61,64,236,1
9,129,195,2
135,147,210,1
101,135,147,1
101,135,210,1
101,147,210,1
27,36,59,1
28,36,59,1
81,120,137,3
124,129,134,3
50,64,236,7
129,146,195,2
50,61,64,1
10,141,157,1
102,136,210,2
10,142,157,3
140,141,142,5
18,19,41,1
101,136,147,1
10,140,142,2
140,142,157,3
48,81,137,1
34,48,81,1
124,125,133,1
124,133,134,1
125,133,134,1
19,46,66,1
125,133,140,1
120,130,135,1
130,135,137,1
102,147,158,2
74,105,111,1
102,158,210,1
17,187,193,1
32,59,62,1
13,15,173,1
32,49,51,1
105,109,111,1
81,120,130,1
81,130,137,1
32,49,50,1
32,50,51,1
141,142,157,1
66,69,183,2
147,160,163,1
1,42,193,1
66,182,183,1
47,69,183,1
4,164,179,1
129,135,210,2
135,158,210,2
129,135,158,2
129,158,210,2
47,66,183,1
66,69,124,1
141,142,232,1
4,137,177,1
120,140,141,1
31,71,163,1
9,130,140,1
1,177,193,1
36,58,235,1
10,62,157,1
5,164,183,1
105,106,108,1
65,120,130,1
16,184,198,1
105,111,112,1
3,72,175,1
134,141,210,2
71,160,163,2
71,160,186,2
160,163,186,2
67,158,200,1
71,176,186,2
32,33,51,1
27,37,51,1
67,72,179,1
177,183,190,2
102,134,141,5
18,25,81,1
55,73,109,1
10,66,101,2
27,37,59,1
10,70,101,2
66,70,101,1
80,118,199,1
175,179,192,1
55,108,155,1
10,66,140,1
193,199,240,1
71,163,176,1
175,179,236,1
109,111,242,3
72,175,179,2
120,137,190,1
120,183,190,1
120,137,183,1
137,183,190,1
124,129,157,2
160,176,186,1
19,31,142,1
73,109,111,1
73,109,242,3
72,192,193,1
163,176,186,1
57,70,182,1
5,175,179,1
120,130,140,2
148,169,170,1
136,147,194,1
72,175,198,1
18,47,146,1
40,74,106,1
30,52,107,1
1,17,187,2
18,19,25,1
55,109,155,3
55,109,242,5
109,155,242,3
57,66,232,1
66,182,232,1
27,33,59,1
137,190,198,2
120,124,130,13
140,141,195,4
134,140,195,2
134,141,195,1
134,140,141,1
34,48,59,1
93,159,171,1
5,190,198,1
27,34,48,1
134,136,210,1
55,73,155,1
59,164,200,1
105,111,242,1
102,164,200,1
71,140,145,1
71,145,186,1
55,132,154,1
29,30,54,1
101,129,135,4
71,157,186,1
39,40,107,1
101,129,157,3
34,36,60,1
102,129,135,1
28,49,80,2
28,35,80,1
35,49,80,1
28,35,49,1
60,71,186,1
136,158,240,1
42,66,232,1
9,86,108,1
71,101,186,1
120,124,132,1
78,98,171,1
102,107,109,2
10,135,157,2
10,101,135,4
101,135,157,5
140,145,195,3
10,101,129,4
132,191,242,1
13,166,175,2
50,62,64,10
10,129,135,1
140,141,146,1
129,135,157,3
140,146,195,4
50,62,236,8
132,177,200,4
9,35,54,1
17,177,191,1
9,54,80,1
102,109,210,1
9,71,194,1
3,136,184,1
9,142,155,1
132,191,200,1
71,130,186,1
50,102,107,1
3,164,184,1
3,164,240,1
164,184,240,1
91,98,99,2
3,5,164,1
136,158,190,1
55,133,142,1
17,191,225,1
59,120,124,1
71,186,198,1
3,71,186,1
54,55,142,1
106,112,195,1
80,184,198,1
3,80,184,1
9,54,133,2
86,142,155,1
52,102,132,1
52,109,132,1
62,64,236,1
53,102,107,1
9,86,142,1
90,93,99,1
101,136,158,2
54,58,235,1
4,17,194,1
9,28,133,1
4,17,177,1
86,133,142,1
9,54,142,1
9,28,54,1
109,134,147,1
10,101,236,1
52,109,147,1
101,132,140,1
10,140,195,5
10,101,195,2
101,140,195,2
10,101,140,2
105,113,154,1
10,146,195,1
10,141,195,1
132,136,158,1
36,62,181,1
9,54,155,1
54,86,142,1
9,54,86,1
93,103,159,1
111,136,158,1
59,62,181,4
32,36,236,1
36,50,236,1
27,33,61,1
135,146,195,2
129,135,195,1
129,135,146,1
9,86,210,1
124,135,157,1
52,101,129,1
136,140,141,2
136,141,145,2
111,132,242,1
136,145,147,1
40,74,86,1
4,193,240,1
40,106,112,1
40,106,108,1
52,106,108,1
9,120,142,1
29,39,40,1
125,147,210,1
135,137,146,1
137,146,195,2
40,54,242,1
102,136,158,1
74,86,108,1
62,64,181,1
130,140,145,2
14,170,199,2
14,160,174,1
14,160,199,1
101,120,157,1
101,134,157,1
134,136,140,1
10,125,130,1
141,147,158,1
73,132,242,5
15,119,175,1
15,167,175,1
136,140,146,1
39,52,74,3
68,166,169,1
39,40,52,1
5,177,190,1
3,193,240,1
73,107,111,1
109,132,242,2
74,132,242,1
29,30,53,2
52,74,242,1
28,61,235,1
101,142,147,1
86,105,112,1
10,141,147,1
33,37,60,1
67,174,199,1
15,56,169,1
33,60,236,1
13,56,119,1
169,174,199,1
81,145,210,1
160,170,179,1
118,160,170,1
1,193,194,1
58,60,62,5
5,71,240,1
58,62,172,1
10,125,140,1
10,140,146,1
188,191,200,1
5,188,191,1
164,187,190,1
58,60,172,1
58,97,172,1
58,60,236,1
172,188,225,1
97,172,225,1
124,146,157,1
60,61,181,1
97,172,201,1
97,172,223,1
35,37,236,1
34,36,59,1
36,48,59,1
71,187,190,1
78,83,100,1
78,100,238,1
3,71,200,1
82,91,93,1
207,213,219,1
188,194,200,1
27,37,58,1
50,60,62,2
52,55,154,1
65,70,185,1
